repo_path,size_bytes,sha256,format,category,role,note
ARTIFACT_REGISTER.md,2094,74446dcee63c7ba2868e129deab393632b24768d97fc33ea0f07ea0f53283b33,markdown,root-record,repository-record,
CHANGELOG.md,2998,d9a7eed77ce9cb25f7dd327b1201db961a9027395447a14a7dae10847108e87d,markdown,root-record,repository-record,
KNOWN_LIMITATIONS.md,2108,4ab29f9254e817029ab6ce8b7e3021825b2b49ee5c54536fafaacf8ed728e375,markdown,root-record,repository-record,
OPEN_DECISIONS.md,1872,a8a9f73091c02beb5e8a88c46caf89311b39125b3ffb0fb3bde50f6f3d28f9c5,markdown,root-record,repository-record,
PROJECT_STATE.md,1207,4a14442f6942ee8b7616a4fc7fee28bfe00a9e2e4c8626eb9feb5e3444b21040,markdown,root-record,repository-record,
README.md,1829,25f68792028bcc8cf2166e8211b85a4cca65e639e761a1b49637c98c55394c08,markdown,root-record,repository-record,
candidate/0.8.8.1/MSVE_DESIGN_SPEC_v0.8.md,96366,dbc610c3a97d7107ab0f4de499b240e243f45c49b56f0a1855b7333c80cb7782,markdown,candidate,candidate-artifact,
candidate/0.8.8.1/audit_model_0881.py,21788,fc6eb49f50eae04595495af05058d52f7c27b0d5b29aa3e16254a33f66be31ae,python,candidate,candidate-artifact,
candidate/0.8.8.1/run_audit_0881.py,10120,c750ef5c37a132893908c1bfaf4070e67d5a842e7043684e95f05a1936711f83,python,candidate,candidate-artifact,
candidate/0.8.8.1/run_audit_0881_raw.log,852,525cd40667f96be4d297f5be39a8c02e72ddf7f1644b7e3a31c73006082b480a,log,candidate,candidate-artifact,
history-bank/COMPLETENESS_AUDIT.md,5757,4237946811914706e42e1bb86bcd7fb5716a49c46d0dc075bd5ae88739046ceb,markdown,bank-index,audit-report,
history-bank/GAPS_AND_UNAVAILABLE_RECORDS.md,3227,3ad475461634a281adef42b4f9aa5ba88b2a4713d29d6d85a9a931142b826fc0,markdown,bank-index,derived-index,
history-bank/MASTER_INVENTORY.csv,180962,efefe4c71ebfa94888b79a70364e93ca8ca937d153d8e027af684ab228e1bb75,csv,bank-index,manifest,
history-bank/PROJECT_TIMELINE.md,5598,46e23e2d0abdb932e57562a3f39f6f80cde32c95195913a3d539001a99ddd5b4,markdown,bank-index,derived-index,
history-bank/PROVENANCE_REGISTER.md,3010,e5bfafd41792982ae4d27d0c191ed89a6d76ccd67da2298fea9209f91c94347b,markdown,bank-index,derived-index,
history-bank/README.md,3200,b97b17b9252315c16c97c105beb36fe9634ca3a8da4545efc15ef052a7474712,markdown,bank-index,navigation,
history-bank/REPOSITORY_AUDIT_REPORT.md,5649,9445908834454ce5ef41530005093f526b56fbaa7eeda2c06bb73808f927f636,markdown,bank-index,audit-report,
history-bank/REPOSITORY_MANIFEST.csv,81659,f0db00c171593d9c8c09d12d5d20c4334aafaf2e56c897f2f0e6c6df0a4a2137,csv,bank-index,manifest,
history-bank/SOURCE_READER_GUIDE.csv,39784,43c8605dd888d46f92be0b3b1b3aa5fd9ed5607f6c64c0714b98d2fcc110e2d1,csv,bank-index,reader-guide,
history-bank/VERIFICATION_HISTORY.md,3246,699a9811c3cb6c50fa229969494eb3699fe29abfd76f40c925f4973a0f90b2df,markdown,bank-index,derived-index,
history-bank/VERSION_LINEAGE.md,3572,9534ed7a8a364152d2157105814e11f9d9a350c9aa015863bc42f599e0f382ab,markdown,bank-index,derived-index,
history-bank/decisions-and-repairs/SCOPE_NOTE.md,841,cbcb53345e129cb153858ee140f3d73b6e0e5376ff6079281d71186a686e791e,markdown,bank-support,support-note,
history-bank/experiments-and-results/SCOPE_NOTE.md,544,fa92d0f8ecc3612ba94861b94572069efc24812be8b9587c79aef4f5713ed910,markdown,bank-support,support-note,
history-bank/models-and-validators/m8/README.md,3896,772d0993a3782e1fc7a386eb5e787afd708265815cd5e63346f08aafbe71f7ad,markdown,model-validator,navigation,
history-bank/models-and-validators/m8/__init__.py,67,5112fc6e78b2210dd05786169172e4b917f2d1e8457e41699d70cc4c3a0a859b,python,model-validator,preserved-original,
history-bank/models-and-validators/m8/canonical.py,13480,af9a82bf81e72737f1245c272a7f3f342e3453765d858f699ed3cb6dce995349,python,model-validator,preserved-original,
history-bank/models-and-validators/m8/cli.py,5930,000732a10a61903e0173efd10c098a78958c4bdebeedeacef26eb8f1b193e4ec,python,model-validator,preserved-original,
history-bank/models-and-validators/m8/corpus/arith-div-int-exact.msve,176,16835fce950231cb9591a24a6842ad7bdd0df426f12e5a08116ea1964961da96,msve-corpus-case,model-validator,preserved-original,
history-bank/models-and-validators/m8/corpus/arith-mixed-real-nat.msve,180,45d99dd2f2b846816a465f9bcc79f7b70d39061fcc181b322a4ddb21106fb7a1,msve-corpus-case,model-validator,preserved-original,
history-bank/models-and-validators/m8/corpus/arith-nat-int-embed.msve,177,ed3f28f2faaf8e691742dbde2a9566a2241845eb7339044040a1b3cea4b4783d,msve-corpus-case,model-validator,preserved-original,
history-bank/models-and-validators/m8/corpus/arith-neg3-plus2.msve,174,b5098e87e7126a798833494b86f66296192ec1f846bff2174783cb448b7b5d51,msve-corpus-case,model-validator,preserved-original,
history-bank/models-and-validators/m8/corpus/arith-unary-minus-nat.msve,175,866adefd32bbce859d0fa8e024c5453dfa6fdf7c156389371f1708acc90b946f,msve-corpus-case,model-validator,preserved-original,
history-bank/models-and-validators/m8/corpus/bare-quantifier.msve,198,fde406385f5b510aa39c5fcade88065176df19fb265837947062658173ae71b9,msve-corpus-case,model-validator,preserved-original,
history-bank/models-and-validators/m8/corpus/call-local-fn.msve,245,4d4b6de3545eceddebc1fa4c0ae812815ecb72f9392ed1064f853dc1682582cd,msve-corpus-case,model-validator,preserved-original,
history-bank/models-and-validators/m8/corpus/case-ok.msve,203,57327cb0b536fa4d6f1e71fd59216de8a104472bfd9ec959f9798d9fc03272cf,msve-corpus-case,model-validator,preserved-original,
history-bank/models-and-validators/m8/corpus/define-shadow-builtin.msve,179,a886a3939b0bdc452c080fde0adf01e9cf5bacdc2974e719dcc4970abacc32d7,msve-corpus-case,model-validator,preserved-original,
history-bank/models-and-validators/m8/corpus/f64-neg-zero-exp.msve,193,d4086b4a418d34e0c583929f71e686fa2751415b8e00d95dc2d60d5b6e52a2d3,msve-corpus-case,model-validator,preserved-original,
history-bank/models-and-validators/m8/corpus/f64-normal-form-subnormal.msve,205,d4e9da4a39bb223b4c693ed4fe9887dd7577629001a698dd7b131c7748990241,msve-corpus-case,model-validator,preserved-original,
history-bank/models-and-validators/m8/corpus/f64-subtraction-no-spaces.msve,226,d27bc859be0de5a68ce90195b3aa1549a9413e8e96324c0612c52df16d9f8870,msve-corpus-case,model-validator,preserved-original,
history-bank/models-and-validators/m8/corpus/f64-upper-hex.msve,190,34fb34d7579ba7a5ef3b3289db7f5226c9ab4207cd2dbc4cf8ac4c67b5f1cb16,msve-corpus-case,model-validator,preserved-original,
history-bank/models-and-validators/m8/corpus/f64-valid.msve,186,be3a0be79268d710d2e520dc854cb082989ab3edc3e574bbede3c76b3f0b6c2e,msve-corpus-case,model-validator,preserved-original,
history-bank/models-and-validators/m8/corpus/gen_corpus.py,6589,abb752f4f025e00aa079a5b630a9800329accc3a36f5908457916b493f62d0b4,python,model-validator,preserved-original,
history-bank/models-and-validators/m8/corpus/is_some-ok.msve,179,46429699d75f8feb039fd6df001713098626dc4fe0347d2cba7a4cc4817f0cdc,msve-corpus-case,model-validator,preserved-original,
history-bank/models-and-validators/m8/corpus/let-ok.msve,176,4293e41c321e8cc4330fe7a38b7d7a784fb87e241b2eeddcf5017f1f2fddb7b4,msve-corpus-case,model-validator,preserved-original,
history-bank/models-and-validators/m8/corpus/limits-steps-zero.msve,165,f335778d3a710073fbc05af36f9a0971a187172a37aeef6d8a9e29f297c6ae95,msve-corpus-case,model-validator,preserved-original,
history-bank/models-and-validators/m8/corpus/limits-timeout-range.msve,160,1589216d5d75c8b4d5cafb3dbca9daf93b5545aeb4a058d4e1b19908e0a00229,msve-corpus-case,model-validator,preserved-original,
history-bank/models-and-validators/m8/corpus/manifest.json,3920,6e9b0cfc2fac77d91d67f282a29716e04e33d9e44efbf306761ae44bce18249c,json,model-validator,preserved-original,
history-bank/models-and-validators/m8/corpus/proj-path-unresolvable.msve,290,39fd319917333ddf4e9d8a45c4485774c7cd7d7d94e7144a5a19fee8ba0f7966,msve-corpus-case,model-validator,preserved-original,
history-bank/models-and-validators/m8/corpus/quant-nested-ok.msve,232,6a90e918e0b7c9beb72213d8fc959e4b580b81585076b658ac44040e23eb6789,msve-corpus-case,model-validator,preserved-original,
history-bank/models-and-validators/m8/corpus/quant-option-domain.msve,231,0ddd766a3bb726547bb938f0cee6415a02ee0449f5f3c500ad1a107d99a0185f,msve-corpus-case,model-validator,preserved-original,
history-bank/models-and-validators/m8/corpus/quant-parens-ok.msve,200,76f730bf000712f06369478e2b297e559cc3697fa0daec8ebe844ce1e13eebcd,msve-corpus-case,model-validator,preserved-original,
history-bank/models-and-validators/m8/corpus/range-ok.msve,171,835e7931bff351834e043865d5f074a293c28b1217b1d2586faaa3b51202d75d,msve-corpus-case,model-validator,preserved-original,
history-bank/models-and-validators/m8/corpus/record-dup-field.msve,214,81de72a6563605a9eda206246e55d318d1982a9fbc5bc1465ce570f6dc5f002e,msve-corpus-case,model-validator,preserved-original,
history-bank/models-and-validators/m8/corpus/record-field-type-mismatch.msve,227,40151e4d734a6e4cd9092845c5828ef01a39ea546018081323bebf4e587c482a,msve-corpus-case,model-validator,preserved-original,
history-bank/models-and-validators/m8/corpus/record-infer.msve,175,90664295714b6c561a25be47b4dcdb8529e1110dca2b6b0dbb02ee1be90ddcb0,msve-corpus-case,model-validator,preserved-original,
history-bank/models-and-validators/m8/corpus/record-missing-field.msve,212,1c88a6801188da519029515da86e08232f89c3543f2f141d7297be43ea796bfe,msve-corpus-case,model-validator,preserved-original,
history-bank/models-and-validators/m8/corpus/record-nested.msve,258,abc86bff4f4f57f7e1e6818c090cf6016401fb18e2bd21a8dc1eed1be98b5880,msve-corpus-case,model-validator,preserved-original,
history-bank/models-and-validators/m8/corpus/record-ok.msve,207,ebc4558753174eb1b42f45e75424df12950696b6e4e995f9be470550f4f21428,msve-corpus-case,model-validator,preserved-original,
history-bank/models-and-validators/m8/corpus/record-unknown-field.msve,224,6a24a88bdaeea39060dbb52b8760a9faffa95634d94bf81d56ab94fc91fc9f14,msve-corpus-case,model-validator,preserved-original,
history-bank/models-and-validators/m8/corpus/string-escape-not-short.msve,186,bc14176513025946cd527e1db4d1b21bb2c6fb9fdb7dee9dd3248901c045c756,msve-corpus-case,model-validator,preserved-original,
history-bank/models-and-validators/m8/corpus/string-escape-upper.msve,182,c5f6552400dc6e9330cbed014fadd1d3da9d690307692dcdc1cb412ecf861dee,msve-corpus-case,model-validator,preserved-original,
history-bank/models-and-validators/m8/corpus/string-ok.msve,170,aa5749091226528167384ccf213304a4f00d942180c30933699b7f21e009e154,msve-corpus-case,model-validator,preserved-original,
history-bank/models-and-validators/m8/corpus/to_rat-ok.msve,172,7c0f0199ce55cc6a15f69dbbd6fd1b0a0c3eb3c3438d5b84e2b358fcb8379fb2,msve-corpus-case,model-validator,preserved-original,
history-bank/models-and-validators/m8/corpus/type-cyclic-alias.msve,177,5950a0f48ebb47b3c4b13407e6307654a9176b49f8036053e7ba3cfae14e947a,msve-corpus-case,model-validator,preserved-original,
history-bank/models-and-validators/m8/corpus/type-unbound-name.msve,183,d919d3a852ef3b87c43717b4af5cb33e4b0d9d94d7804fe3156b1fc35eda92eb,msve-corpus-case,model-validator,preserved-original,
history-bank/models-and-validators/m8/corpus/unbound-ident.msve,179,caf261e05e502134838c8a3f6bab12bf8d4c43cbeac1ae15e72c7dfd9e371221,msve-corpus-case,model-validator,preserved-original,
history-bank/models-and-validators/m8/corpus/v07-ex0.msve,246,ef4745e1977fd7b945cf5a040772c8773fb5823e4335d2e6b74a671245a59f40,msve-corpus-case,model-validator,preserved-original,
history-bank/models-and-validators/m8/corpus/v07-ex1.msve,324,81c16982016c39d1cf7a8d69b1d03aa03d7f7623b3b3ceb9020a30d5c07a257f,msve-corpus-case,model-validator,preserved-original,
history-bank/models-and-validators/m8/corpus/v07-ex2.msve,327,58d4b9c90ab46751c27a1bba460f9c3a38432f3dd6dda35cdd00d96bff724ca3,msve-corpus-case,model-validator,preserved-original,
history-bank/models-and-validators/m8/corpus/v07-ex3.msve,1409,a8490f13a3276d7ef177e37b8cde9ec259b679e69a846878e810b192291cddc0,msve-corpus-case,model-validator,preserved-original,
history-bank/models-and-validators/m8/corpus/v07-ex4.msve,371,6b6b922ce66d9d6e729b8e99da63f5893e48bc9854156aa406864f5e789b4a09,msve-corpus-case,model-validator,preserved-original,
history-bank/models-and-validators/m8/corpus/v07-ex5.msve,2334,561b2d4d8802671a4dc97751c7a34b74521062f27a1793bb53d55b00ac29f2d7,msve-corpus-case,model-validator,preserved-original,
history-bank/models-and-validators/m8/corpus/v08/inv-bare-quant.msve,216,1d81cea39c930f54a9373bce08f6ee19501de243ca9b7fc10b3d7acad5f950b2,msve-corpus-case,model-validator,preserved-original,
history-bank/models-and-validators/m8/corpus/v08/inv-f64-negzero.msve,212,13c6f20d48d424988a1e365ab0231901888a35bd2e8fb201c52e06d07cf31ff0,msve-corpus-case,model-validator,preserved-original,
history-bank/models-and-validators/m8/corpus/v08/inv-mixed-arith.msve,192,961edd0488022dc32857e4ebe0dae1afa1fefb13178ad19e61f059e5702ec689,msve-corpus-case,model-validator,preserved-original,
history-bank/models-and-validators/m8/corpus/v08/inv-proof-conflict.msve,229,8117f902102629d42dd58f72cb650338a4dfba2e7c2abe646dff1abfe858248d,msve-corpus-case,model-validator,preserved-original,
history-bank/models-and-validators/m8/corpus/v08/inv-unbound.msve,205,2db5a8b38091c6207026d9739e368acb8d0837864a748ca4be572b5f52a4785a,msve-corpus-case,model-validator,preserved-original,
history-bank/models-and-validators/m8/corpus/v08/v08-ex0.msve,246,ee00d8589dec21f233aff23670930b3b05bc2c753ffadf09e385396892b0c3cd,msve-corpus-case,model-validator,preserved-original,
history-bank/models-and-validators/m8/corpus/v08/v08-ex1.msve,324,3baf22938deb3b0957b9377367718b3a173e14142aabe2ae0532f5fb53cd06f5,msve-corpus-case,model-validator,preserved-original,
history-bank/models-and-validators/m8/corpus/v08/v08-ex2.msve,327,608e97689fc650effad75c604eafc26383eb6dd9319fd7fbd99d468aa31adce1,msve-corpus-case,model-validator,preserved-original,
history-bank/models-and-validators/m8/corpus/v08/v08-ex3.msve,1406,42abbf513beae79ff2087b41d5a53b30b7c5cd7a7e8e40a7a3a1171afcecb228,msve-corpus-case,model-validator,preserved-original,
history-bank/models-and-validators/m8/corpus/v08/v08-ex4.msve,371,7dada2f68a7da4827dd81db843b6efe271a30a3f4f7c705743ab686bc2edb55a,msve-corpus-case,model-validator,preserved-original,
history-bank/models-and-validators/m8/corpus/v08/v08-ex5.msve,2420,f285f44e59f2ad1635dc1bb546fae87cb4fa82ba866e8fdf7b6374f68f9b3c7b,msve-corpus-case,model-validator,preserved-original,
history-bank/models-and-validators/m8/corpus/verif-assurance-level-a-needs-proof.msve,200,3ee6d939a26bd48f42e5181d2cc48d155f249d0aa0a31845119e7ed87ba5d2a8,msve-corpus-case,model-validator,preserved-original,
history-bank/models-and-validators/m8/corpus/verif-assurance-level-a-unavailable.msve,342,6861aacd4af3bd82650c68fe0af5488bfa0d42ae05a4bb5176cb5a3018449778,msve-corpus-case,model-validator,preserved-original,
history-bank/models-and-validators/m8/corpus/verif-cases-zero.msve,207,c341436d8bd572cc5e86da40fcc2c06b3e56865930b33b252f1986a246b3594c,msve-corpus-case,model-validator,preserved-original,
history-bank/models-and-validators/m8/corpus/verif-diff-plus-fuzz.msve,263,18e9ab0742650f06c22448528ac28d3327c86c3367464ccbbf765c3a597031bc,msve-corpus-case,model-validator,preserved-original,
history-bank/models-and-validators/m8/corpus/verif-duplicate-test.msve,256,e6f1eabd5612a45e1800d11d7c3ace39fb6b7e899681e389364ff1eda1a7bd8e,msve-corpus-case,model-validator,preserved-original,
history-bank/models-and-validators/m8/corpus/verif-proof-conflict.msve,209,2e079927528f2b6aee46d7df41a827e5185d593c0b466b350d9efe42dcb9425f,msve-corpus-case,model-validator,preserved-original,
history-bank/models-and-validators/m8/corpus/verif-qualifier-default.msve,188,5f81757c93cf2b7f76fdaf851346657ec3ceab16d0e98e778ebe3878e6ef6c84,msve-corpus-case,model-validator,preserved-original,
history-bank/models-and-validators/m8/corpus/verif-recompute-conflict.msve,212,a1fd871f37084a7e1fa73f0478b0d8e020fee28e49eee884a97f5bf23c7fa021,msve-corpus-case,model-validator,preserved-original,
history-bank/models-and-validators/m8/corpus/verif-test-none-conflict.msve,223,3e5a0f59ba93125d48c48f9285897104545dcc246e2ab3ad9f0ce2bdf6ff1968,msve-corpus-case,model-validator,preserved-original,
history-bank/models-and-validators/m8/grammar.py,6321,df26d22d8d97c02f2bbd7cc2655b94eb3f1a9bf9d233fcc31b687fb34e814336,python,model-validator,preserved-original,
history-bank/models-and-validators/m8/lexer.py,6375,ef708b0e69c4e97e29221984f3be690463c22619d1e5d28225cf01d2cfbea3b2,python,model-validator,preserved-original,
history-bank/models-and-validators/m8/parser.py,30216,7728b2882a5ee154fc3011a26a7e3c78bb03aadf4beb543cda36e54238a22a1f,python,model-validator,preserved-original,
history-bank/models-and-validators/m8/resolve.py,7428,a4b29048a580498e41b5e299adec518f2923e2122b9584b0a5e2849300c9a813,python,model-validator,preserved-original,
history-bank/models-and-validators/m8/runs/2026-10-09-m8-build.md,2739,8bdf657b670e07b33a32687cc82af46056627814ed3439a55aa2c5974789df92,markdown,model-validator,preserved-original,
history-bank/models-and-validators/m8/runs/phase0-capability-probe.md,1694,49e820fca06a3ff262fb277fde47d2b098ce98a349fb5e6968a97f7df272d004,markdown,model-validator,preserved-original,
history-bank/models-and-validators/m8/tests/__init__.py,1556,671207b454c364a330090bef92fa92bf28eb83f053670499e1d85c2068ad0c6c,python,model-validator,preserved-original,
history-bank/models-and-validators/m8/tests/test_canonical.py,4807,f7a1ed6a7c01b0627b559bc152d5e3c5bb3e4deffc926d4803dea0179f272c3b,python,model-validator,preserved-original,
history-bank/models-and-validators/m8/tests/test_grammar_conformance.py,1326,c6cda78f566b582f6d4d1675821ee3771c7e7f5a1627dd00a02d7016af03f0d3,python,model-validator,preserved-original,
history-bank/models-and-validators/m8/typecheck.py,36470,ff280999176918aa0366b7a391636835da80721702300e1bddd8d6706711f975,python,model-validator,preserved-original,
history-bank/models-and-validators/tools/check_f64.py,3544,ff3b5b14b791f02cbc9b0367fb4ae06302e7ac175bb6e81ab2ecb155e31dc4bd,python,model-validator,preserved-original,
history-bank/models-and-validators/tools/check_grammar.py,1744,3dee4cb9cea23e4b334248d9ab049e48f512318bdc4912ddf7254d9ded26b128,python,model-validator,preserved-original,
history-bank/models-and-validators/tools/check_identifiers.py,3446,e18de3988f2cd2e3cc4a8a81d0994ec62471b8d732c80bab43800609f0553da1,python,model-validator,preserved-original,
history-bank/repository-history/SCOPE_NOTE.md,654,4c6fa6b2b7a8d7bad5cc836be37fa638f80ddd1ff5c76e2eb452b9cb17199db8,markdown,bank-support,support-note,
history-bank/reviews-and-audits/owner-review/BUNDLE_CHECKSUM.txt,100,00314aef1f77716ae5283b2f07bb636f331ebdb436bdc6d71cda99c7b849d7b8,text,review-audit,preserved-original,
history-bank/reviews-and-audits/owner-review/MSVE_v0.8_DEFECT_TRACEABILITY.md,7805,bce08e419d38d354bfb61aeb916ea60f8a0fd3a3532bea6190d2ac81477b3b4a,markdown,review-audit,preserved-original,
history-bank/reviews-and-audits/owner-review/MSVE_v0.8_OWNER_REVIEW_HANDOFF.md,3421,2489fcddcf6299cc6647e9df7ffd1efa163ced6baf9ccc7206015574a971cc97,markdown,review-audit,preserved-original,
history-bank/reviews-and-audits/owner-review/MSVE_v0.8_OWNER_REVIEW_MANIFEST.json,34592,2e16fc84df8f5796b27995f7ed2a46cad0d13b9422e7c7973fc8c58bc3181327,json,review-audit,preserved-original,
history-bank/reviews-and-audits/owner-review/MSVE_v0.8_OWNER_REVIEW_MANIFEST.md,10847,e1799eea4116b394ffe71308daff00b5891c629c99258e9a6c1772052c2b68c8,markdown,review-audit,preserved-original,
history-bank/reviews-and-audits/owner-review/MSVE_v0.8_READINESS_EVIDENCE_MATRIX.md,10060,c7ae4fdfad4568e0f142156906369c34242dc67df94f9df3a8ffe542a4a9840e,markdown,review-audit,preserved-original,
history-bank/reviews-and-audits/owner-review/logs/corpus-per-case.json,6960,cb89116b75f0d3fd28025c8e21d76a49e6aab5b4bd52cc1d524a0e5ee7384379,json,review-audit,preserved-original,
history-bank/reviews-and-audits/owner-review/logs/corpus.log,1592,ec4ac2624e57e80e9db75968c30fa1f12b1c2b84c8c3bdd2dfb321f5338d8805,log,review-audit,preserved-original,
history-bank/reviews-and-audits/owner-review/logs/grammar-conformance.log,130,e8a81a50f38b57ed706baa536e40db1a2c21f14fb1e1b560ffad91521c1f947a,log,review-audit,preserved-original,
history-bank/reviews-and-audits/owner-review/logs/runtime.txt,196,30927729f2ef9c8a8afc4be0a67959c2c4cf1b89d2221946034b111d824b5434,text,review-audit,preserved-original,
history-bank/reviews-and-audits/owner-review/logs/spec-examples.log,397,71198002aec6944fb7c71d835384a8911ecf5c68b314af92615b6b4bae7e12b3,log,review-audit,preserved-original,
history-bank/reviews-and-audits/owner-review/logs/test-canonical.log,71,3e169d871d00846cb3ab67c210df87141b063a4a9f078511be342198276ba175,log,review-audit,preserved-original,
history-bank/reviews-and-audits/owner-review/logs/test-grammar-conformance.log,89,54b43e44e147848997ff8dd00e95b9ef60a6ab2a54f6ef4662716ae9ed4a13fc,log,review-audit,preserved-original,
history-bank/reviews-and-audits/owner-review/reviewer-reports/PROVENANCE.md,1855,64cf27bb19f2da2aee92327f7a94fd9afb5641c21c38bc67ced6e3bdad05d2b3,markdown,review-audit,preserved-original,
history-bank/reviews-and-audits/owner-review/reviewer-reports/reviewer-A-grammar-type-system.md,16710,6b0ba84a054b5c162a9ce21f8a732684da93be319bc2600ae1506100949277c3,markdown,review-audit,preserved-original,
history-bank/reviews-and-audits/owner-review/reviewer-reports/reviewer-B-canonical-numerics.md,13127,ae19e969e2bcff4e05c3228b4fc0b21c5a6648bb1e66f0fc51ab5108b63d282d,markdown,review-audit,preserved-original,
history-bank/reviews-and-audits/owner-review/reviewer-reports/reviewer-C-validator-contracts.md,14527,492e5abec293c0287678487f2bc813ed393684b0c0f7fd26f29d6052ab753cc5,markdown,review-audit,preserved-original,
history-bank/reviews-and-audits/owner-review/reviewer-reports/reviewer-D-cross-document.md,7608,7fd0b96a44b55f8f294df9f7144510c2a3d9481c11b56e0f188a31e327893ebb,markdown,review-audit,preserved-original,
history-bank/reviews-and-audits/transfer/MSVE_v0.8_DESIGN_EVIDENCE_Part1_Spec.md,28645,c55d4d25398bedafb5e421b830adb5eb406ebb6d65af45b1bfd4ea7751f88108,markdown,review-audit,preserved-original,
history-bank/reviews-and-audits/transfer/MSVE_v0.8_DESIGN_EVIDENCE_Part2_Spec.md,22145,d2f97f6b1f57e2c36e552a65afd9ac605851e31b813fc7bc57fa4c8c10d5856f,markdown,review-audit,preserved-original,
history-bank/reviews-and-audits/transfer/MSVE_v0.8_DESIGN_EVIDENCE_Part3_Spec.md,25875,189ab35e538ca545472fee2829db32f3dc5c298f4dc89e64139c5cc607db47c1,markdown,review-audit,preserved-original,
history-bank/reviews-and-audits/transfer/MSVE_v0.8_DESIGN_EVIDENCE_Part4_Review-Matrix-Acceptance-Visualisation.md,29118,0c3a243d6e9500006227c99530a73c675a41749c9a9fcc906b959eaeba6b2d74,markdown,review-audit,preserved-original,
history-bank/reviews-and-audits/transfer/MSVE_v0.8_DESIGN_EVIDENCE_Part5_Ledger.md,18210,992e3e290f4e3b98d7ff319ee936849280f5b28b65f130c99683a495a60388a8,markdown,review-audit,preserved-original,
history-bank/reviews-and-audits/transfer/MSVE_v0.8_DESIGN_EVIDENCE_Part6_Ledger.md,16961,1023fe79a1c59f978ba1affd20e84ce592b7e43096afd7ff85ada85171eb55e4,markdown,review-audit,preserved-original,
history-bank/reviews-and-audits/transfer/MSVE_v0.8_M8_AUDIT_EVIDENCE_Part1_Overview.md,3251,f3bafe4a11190315e200929c72ecc679a6a42de83cddd70fa2e2f371ebc369e8,markdown,review-audit,preserved-original,
history-bank/reviews-and-audits/transfer/MSVE_v0.8_M8_AUDIT_EVIDENCE_Part2_Lexer-Grammar-CLI.md,18920,d5dc799805f1630219aa225c34babe6921c28242d13d9e4f269361e92c2800cf,markdown,review-audit,preserved-original,
history-bank/reviews-and-audits/transfer/MSVE_v0.8_M8_AUDIT_EVIDENCE_Part3_Parser.md,30416,80fe5446d41b54d56b5ebdecb9a9bde18f911190e74fe51aa91ea2d16f4a3d0d,markdown,review-audit,preserved-original,
history-bank/reviews-and-audits/transfer/MSVE_v0.8_M8_AUDIT_EVIDENCE_Part4_Resolve-Typecheck.md,44163,fc5d13002541f2e4b3bec52bb19e45f221c56cb0520a0bc4b03225fbd8f65981,markdown,review-audit,preserved-original,
history-bank/reviews-and-audits/transfer/MSVE_v0.8_M8_AUDIT_EVIDENCE_Part5_Canonical.md,13694,b6af9147a76591bb69deab64da46eb374f0df420d369eab430e74d315ea9416b,markdown,review-audit,preserved-original,
history-bank/reviews-and-audits/transfer/MSVE_v0.8_M8_AUDIT_EVIDENCE_Part6_Tests-Runs.md,16493,a3e5cd043015798c607c95aa710c68a5bad4730184c4136b3dbb0e174be96392,markdown,review-audit,preserved-original,
history-bank/reviews-and-audits/transfer/MSVE_v0.8_M8_AUDIT_EVIDENCE_Part7_Corpus.md,15874,c3f5b9be1590dac7714b0bc1c068c6ed10100edd81feaf66918586f62a0f4cce,markdown,review-audit,preserved-original,
history-bank/reviews-and-audits/transfer/MSVE_v0.8_REVIEW_TRACEABILITY_Part1_Matrix.md,10330,59abc2b832949c3f14f2133569c2597887a793bb97273dd20338565d34693972,markdown,review-audit,preserved-original,
history-bank/reviews-and-audits/transfer/MSVE_v0.8_REVIEW_TRACEABILITY_Part2_Defects.md,8086,3b1be94ad5de73595a8cbacc65c38f2e756e113c966d5163527b70aa3619a297,markdown,review-audit,preserved-original,
history-bank/reviews-and-audits/transfer/MSVE_v0.8_REVIEW_TRACEABILITY_Part3_Reviewer-A.md,18971,f2f1e448c519d091c1ca8514121f2e3670707c50db437205e2dc2df18841626a,markdown,review-audit,preserved-original,
history-bank/reviews-and-audits/transfer/MSVE_v0.8_REVIEW_TRACEABILITY_Part4_Reviewer-B.md,15387,930f071f32006b8d534018deb5a117cd88ccfcb8a97cbfa97023d4b0616f668f,markdown,review-audit,preserved-original,
history-bank/reviews-and-audits/transfer/MSVE_v0.8_REVIEW_TRACEABILITY_Part5_Reviewer-C.md,16788,4b76b5d743b93fac8a34c4e62d152acb8054e4b0368bc6556f171a8dbec30ed6,markdown,review-audit,preserved-original,
history-bank/reviews-and-audits/transfer/MSVE_v0.8_REVIEW_TRACEABILITY_Part6_Reviewer-D.md,9864,f3d6255a00d17539b2e90fd038c86dc7e1038f4ae5e8c3c68a083feaee8a10b0,markdown,review-audit,preserved-original,
history-bank/reviews-and-audits/transfer/MSVE_v0.8_SPEC_PRIORITY_SECTIONS.md,31902,1b9f663c1a5e12e671338d1dc1420be1e75fdc5c6075880f1d7811ebdd9eeb0e,markdown,review-audit,preserved-original,
history-bank/reviews-and-audits/transfer/MSVE_v0.8_TRANSFER_HANDOFF.md,3953,5b57bff5b3d2029884bf5f951f57091d0e55903802dfa6c36b01d6dba77d0fab,markdown,review-audit,preserved-original,
history-bank/reviews-and-audits/transfer/MSVE_v0.8_TRANSFER_INDEX.md,26699,72cf6db101cf2369cd5b3138abf51f29a3df35ebedf4cfcf63db677fc953596f,markdown,review-audit,preserved-original,
history-bank/source-records/PROVENANCE_NOTE.md,1089,c31121408b2e912355fb60e167dc25cbcb1d1bb0857312757e7e7423c10219ec,markdown,source-record,support-note,
history-bank/source-records/dated-project-log-2026-10-09.md,177005,1eced90967f6a6d5c4e52a3ec3cab77321285b2c34749a84fdd36875608cf247,markdown,source-record,preserved-original,
history-bank/source-snapshots/MSVE_v0.8.3_CANDIDATE_BUNDLE.zip,228010,1d04b8989a7c4b647dc2fdf772316220dc06649329ce0e7964bf13b62d24c850,zip,snapshot,preserved-original,
history-bank/source-snapshots/MSVE_v0.8_OWNER_REVIEW_BUNDLE.zip,163035,8db37d26ed589722d8a6184b8613d1d2423745c5b346b9dd9430adc4dcf20aee,zip,snapshot,preserved-original,
history-bank/source-snapshots/ZIP_CONTENTS.md,13939,fb50287c8f813b98e191e59851ebc0606cc7d89c5703d343e769b1e3a13beaa9,markdown,snapshot,support-note,
history-bank/specifications/acceptance-plans/MSVE_ACCEPTANCE_PLAN_v0.1.md,6093,49c3d566284df85f4fe353f7e24100af261e46e2aa2b1f43293c6c4d3af49915,markdown,versioned-spec,preserved-original,
history-bank/specifications/acceptance-plans/MSVE_ACCEPTANCE_PLAN_v0.2.md,10859,178e07e8bc3108d6e1e9ecc41a6f0201da909138cd6796c92a17749803f82bdb,markdown,versioned-spec,preserved-original,
history-bank/specifications/acceptance-plans/MSVE_ACCEPTANCE_PLAN_v0.3.md,10076,d722aa5e5a55e866f8afff2cb6a18aa0c075c2e08f6fc97984da12c600b8964f,markdown,versioned-spec,preserved-original,
history-bank/specifications/acceptance-plans/MSVE_ACCEPTANCE_PLAN_v0.4.md,9129,3f0baed3a713d5714c3b06674d275959ffac34067b2eb60714e86f2128d53f7a,markdown,versioned-spec,preserved-original,
history-bank/specifications/acceptance-plans/MSVE_ACCEPTANCE_PLAN_v0.5.md,8982,02465482291f79aeeda11a0db43ef22579a51f7292ae01041ea91cdd2a608706,markdown,versioned-spec,preserved-original,
history-bank/specifications/acceptance-plans/MSVE_ACCEPTANCE_PLAN_v0.6.md,9845,6747c8c8e7228168cf51848d24fbf9e3cf652e0922b36609d6fa3bfacd0aebc1,markdown,versioned-spec,preserved-original,
history-bank/specifications/acceptance-plans/MSVE_ACCEPTANCE_PLAN_v0.7.md,7844,afb08ad88db7ce114118e449d8f2e2f0330abf2fe389b65ea11de1408a25f908,markdown,versioned-spec,preserved-original,
history-bank/specifications/acceptance-plans/MSVE_ACCEPTANCE_PLAN_v0.8.md,8848,8ee1c526f135cce7615612777859859fa3426bc8f281cdaf8b829f73cf490856,markdown,versioned-spec,preserved-original,
history-bank/specifications/capability-matrices/MSVE_CAPABILITY_MATRIX_v0.1.md,6359,3bc729b79679c2d0b728ebc09fbc613558cd0533f806387e5ed4a9134f090510,markdown,versioned-spec,preserved-original,
history-bank/specifications/capability-matrices/MSVE_CAPABILITY_MATRIX_v0.2.md,7798,f415443f9b851c1b0e2880736e1f16cb824cedf474c50125039572ccf655facd,markdown,versioned-spec,preserved-original,
history-bank/specifications/capability-matrices/MSVE_CAPABILITY_MATRIX_v0.3.md,7066,d8a0a981ad345a313c79e466b3c06fb401113fdc2936034de4c5879d92fb11ce,markdown,versioned-spec,preserved-original,
history-bank/specifications/capability-matrices/MSVE_CAPABILITY_MATRIX_v0.4.md,6859,5a5aad76a4f25e0b3fa06fe9fd00048ec6144f15bcfb58c2ad460a4b357faed7,markdown,versioned-spec,preserved-original,
history-bank/specifications/capability-matrices/MSVE_CAPABILITY_MATRIX_v0.5.md,5728,53a16a04cddffcdc8e2407c7c048bd9c6c2f24381541b2c45d164413b8a7c620,markdown,versioned-spec,preserved-original,
history-bank/specifications/capability-matrices/MSVE_CAPABILITY_MATRIX_v0.6.md,6095,c3ae763ebef596c9446a25edfa104f5dca73be71fbda248334f0339e6f4f526a,markdown,versioned-spec,preserved-original,
history-bank/specifications/capability-matrices/MSVE_CAPABILITY_MATRIX_v0.7.md,5835,1584d62e162cbe75adf5cb547f6238a9c213e9f2b13ca755fb43b282b4c63073,markdown,versioned-spec,preserved-original,
history-bank/specifications/capability-matrices/MSVE_CAPABILITY_MATRIX_v0.8.md,2004,542fa10cd3a8cee9e5920342f971137c166cad8f0dedd923da2627cfcb420b27,markdown,versioned-spec,preserved-original,
history-bank/specifications/design-reviews/MSVE_DESIGN_REVIEW_v0.1.md,7637,e264c72f4567f323aa7b20959ae02a99e593f688ad38086b231d3756098320ff,markdown,versioned-spec,preserved-original,
history-bank/specifications/design-reviews/MSVE_DESIGN_REVIEW_v0.2.md,12153,44614f47534bdaee2392394334360936e379d91056eba0b89dfc48d78f82681e,markdown,versioned-spec,preserved-original,
history-bank/specifications/design-reviews/MSVE_DESIGN_REVIEW_v0.3.md,11215,f5ff1f5fd0870aa3b4e96f03d261b3e391af2f001ba37ebf4203bd9eba5d298c,markdown,versioned-spec,preserved-original,
history-bank/specifications/design-reviews/MSVE_DESIGN_REVIEW_v0.4.md,8403,12c7989420491f881a7a7dcabe83dd16b8a16ff7a454f4bc76601d7346a1857d,markdown,versioned-spec,preserved-original,
history-bank/specifications/design-reviews/MSVE_DESIGN_REVIEW_v0.5.md,10208,ddfa00dc084ac2752c8fa8187f4a0a7eede27989e29264cd2ab6807060dc1bf3,markdown,versioned-spec,preserved-original,
history-bank/specifications/design-reviews/MSVE_DESIGN_REVIEW_v0.6.md,9706,9ca4d40fa3f69de548627d94895fc8776d1204b84bdbc068af9ac0fd9089bbb3,markdown,versioned-spec,preserved-original,
history-bank/specifications/design-reviews/MSVE_DESIGN_REVIEW_v0.7.md,7493,0875cf5c888d5b43a634502ad2ae254fe173cbe0443787e8ac6a9821d6c423de,markdown,versioned-spec,preserved-original,
history-bank/specifications/design-reviews/MSVE_DESIGN_REVIEW_v0.8.md,11050,d5650027ba245e0c9c6d688960e1322a465527945624fc713d7c5879d7814949,markdown,versioned-spec,preserved-original,
history-bank/specifications/design-specs/MSVE_DESIGN_SPEC_v0.1.md,23281,d32d9789e3273ce7009a761e77fecde959006770fc5e1dcb9a63e5f524162602,markdown,versioned-spec,preserved-original,
history-bank/specifications/design-specs/MSVE_DESIGN_SPEC_v0.2.md,40100,e9c4a8bec84f56a890df3e911fecb527b709878db975c22542be1afb7aea187b,markdown,versioned-spec,preserved-original,
history-bank/specifications/design-specs/MSVE_DESIGN_SPEC_v0.3.md,42763,d9fd8e594560f4b0ead46511998655d0f3a64a9a556e2ee0d8aacb4a2ea244f9,markdown,versioned-spec,preserved-original,
history-bank/specifications/design-specs/MSVE_DESIGN_SPEC_v0.4.md,37432,58fc6f889943415aa70a3dc4936dcf5fc545ebb45dd705332cfa8d617855926c,markdown,versioned-spec,preserved-original,
history-bank/specifications/design-specs/MSVE_DESIGN_SPEC_v0.5.md,34562,713757ac6b1d963987e54815c239ebcd12a61f2edb93e96677a435b962cfa8e3,markdown,versioned-spec,preserved-original,
history-bank/specifications/design-specs/MSVE_DESIGN_SPEC_v0.6.md,51811,8c863c40222c343b63c46fd181434eff3f906e30d4d29e5506f40fa660c3befc,markdown,versioned-spec,preserved-original,
history-bank/specifications/design-specs/MSVE_DESIGN_SPEC_v0.7.md,53214,0cc89f7319346546426a235c826623b9dcbc56ef15753f647392df2c277d6518,markdown,versioned-spec,preserved-original,
history-bank/specifications/design-specs/MSVE_DESIGN_SPEC_v0.8.md,75861,377e106ef2b00db648c18beeed798bcf91804f1cbe3813853a62c1385474715d,markdown,versioned-spec,preserved-original,
history-bank/specifications/regression-ledgers/MSVE_REGRESSION_LEDGER_v0.6.md,20939,3a2b4d20268646c1b27fb825560ab75ba8ca208fa72b43c3bce783e8d0bb200f,markdown,versioned-spec,preserved-original,
history-bank/specifications/regression-ledgers/MSVE_REGRESSION_LEDGER_v0.7.md,16456,b4435032dff5284ae9026fdd141c503c25d2544f2ea99d050094709ad7b8ebc2,markdown,versioned-spec,preserved-original,
history-bank/specifications/regression-ledgers/MSVE_REGRESSION_LEDGER_v0.8.md,34625,e04a05e68e92ce541349138395a42308d172998b2fd309fe2963ede6cdf22bf1,markdown,versioned-spec,preserved-original,
history-bank/specifications/visualisation-plans/MSVE_VISUALISATION_PLAN_v0.1.md,6181,1b55b9a4d336ef7d486186693e70b0f6ec80fcf469fac925fd76e5a49bf85b7e,markdown,versioned-spec,preserved-original,
history-bank/specifications/visualisation-plans/MSVE_VISUALISATION_PLAN_v0.2.md,8371,ecbca1b44480eb5868496126ddba129353d1402f7ba669c2062b516cece98b77,markdown,versioned-spec,preserved-original,
history-bank/specifications/visualisation-plans/MSVE_VISUALISATION_PLAN_v0.3.md,7112,faeba20766d3382102a9df3d3116727e4ec3aeabcad140100da48bc2ebbd6bad,markdown,versioned-spec,preserved-original,
history-bank/specifications/visualisation-plans/MSVE_VISUALISATION_PLAN_v0.4.md,3394,a4a962f878be1b3275673b8acd24b2ca6d526c554dc2cb8b8090a1e4c7fa126b,markdown,versioned-spec,preserved-original,
history-bank/specifications/visualisation-plans/MSVE_VISUALISATION_PLAN_v0.5.md,3835,2f13ca8cacfe6c4b2ccd07b6d0c463bd028bbc5bd50541040b925228bb08dcfb,markdown,versioned-spec,preserved-original,
history-bank/specifications/visualisation-plans/MSVE_VISUALISATION_PLAN_v0.6.md,3568,9010e8e74ce8e84bd701e6bd1520d20714cc11ef8fa57b3e76c23fb817b0ce4b,markdown,versioned-spec,preserved-original,
history-bank/specifications/visualisation-plans/MSVE_VISUALISATION_PLAN_v0.7.md,6363,cab6dc31560fa0c03fe15afa89e8e7841c1323abc3ed0945ae3a4c9942b9f87d,markdown,versioned-spec,preserved-original,
history-bank/specifications/visualisation-plans/MSVE_VISUALISATION_PLAN_v0.8.md,6610,3adaf96661df8cbbbbd931b1c23b95a6348236c3a3087725a23b6b617f751615,markdown,versioned-spec,preserved-original,
history-bank/tests-and-raw-logs/SCOPE_NOTE.md,968,e72249061e761efdd00e1c34fee6751b076cc16b95c11235c0a96195e0b9d6c1,markdown,bank-support,support-note,
history-bank/work-orders/MSVE_WORK_ORDER_0.8.3_DRAFT.md,13018,05de74c1098726f2541c87ba0dc29983cf410e082fc6fad6b45f1102712c3c8b,markdown,work-order,preserved-original,
history-bank/work-orders/work-order-0.8.3-candidate/MSVE_ACCEPTANCE_PLAN_v0.8.md,8935,92b234d20f67c10bf74e1f4781dc1dc3214b9530a3eca006ee033a0fc6d8b2d3,markdown,work-order,preserved-original,
history-bank/work-orders/work-order-0.8.3-candidate/MSVE_CAPABILITY_MATRIX_v0.8.md,2022,28838a24eeae5a81557a86fb3c6beb64e32fb17e27e32aeaea94a017a7691d2f,markdown,work-order,preserved-original,
history-bank/work-orders/work-order-0.8.3-candidate/MSVE_DESIGN_REVIEW_v0.8.md,11156,d7be8c8db1c1e2f1db73efac8287ec3545c2390829f8c43f008fa46093671015,markdown,work-order,preserved-original,
history-bank/work-orders/work-order-0.8.3-candidate/MSVE_DESIGN_SPEC_v0.8.md,83036,9f692585cfe9c4e9322afdb75d2ff52081fcdd55ffbcc59f5a21f5251fa7c003,markdown,work-order,preserved-original,
history-bank/work-orders/work-order-0.8.3-candidate/MSVE_REGRESSION_LEDGER_v0.8.md,34625,e04a05e68e92ce541349138395a42308d172998b2fd309fe2963ede6cdf22bf1,markdown,work-order,preserved-original,
history-bank/work-orders/work-order-0.8.3-candidate/MSVE_VISUALISATION_PLAN_v0.8.md,6697,fb03b6098aecb6b98ca31cf0c9eac092620075480c59def0602f122c449e28dd,markdown,work-order,preserved-original,
history-bank/work-orders/work-order-0.8.3-candidate/MSVE_v0.8.3_CANDIDATE_MANIFEST.json,29268,180eea00d8b9ad977a25e723aaccbe1a9964af05b26ec54905a9e3c57ca4bb7c,json,work-order,preserved-original,
history-bank/work-orders/work-order-0.8.3-candidate/MSVE_v0.8.3_CORRECTION_REPORT.md,3780,49a498e23fda17608876fa03209ce3aac9a90ac5ef46ba2a57e27e7b706aa633,markdown,work-order,preserved-original,
history-bank/work-orders/work-order-0.8.3-candidate/MSVE_v0.8.3_CROSS_DOCUMENT_MATRIX.md,2626,1cff2f14b7e9699329b784b8959e82eb7cd164e5d119d8c6874d07dc67d0717d,markdown,work-order,preserved-original,
history-bank/work-orders/work-order-0.8.3-candidate/MSVE_v0.8.3_OWNER_HANDOFF.md,1838,2928b424bbf06c065b848e8085cd083bc0549516b4d25f8cc6b6958153d578ce,markdown,work-order,preserved-original,
history-bank/work-orders/work-order-0.8.3-candidate/MSVE_v0.8.3_PROVENANCE.md,14214,593efe26933665e810ca58eb97336c84993ce84b3cbd429e9e4713753c0c076e,markdown,work-order,preserved-original,
history-bank/work-orders/work-order-0.8.3-candidate/MSVE_v0.8.3_RESIDUAL_DEFECT_LEDGER.md,3033,b3947543bb4245786e550f2743f18e7046236b1fdab0d10ece01efe21d0494d8,markdown,work-order,preserved-original,
history-bank/work-orders/work-order-0.8.3-candidate/MSVE_v0.8.3_VERIFICATION_EVIDENCE.md,2988,631d0f1e3f3d3e0c127abcaa6c59c715ebb0e4b2c16a720d5a4f364219183457,markdown,work-order,preserved-original,
history-bank/work-orders/work-order-0.8.3-candidate/MSVE_v0.8_DEFECT_TRACEABILITY.md,7805,bce08e419d38d354bfb61aeb916ea60f8a0fd3a3532bea6190d2ac81477b3b4a,markdown,work-order,preserved-original,
history-bank/work-orders/work-order-0.8.3-candidate/MSVE_v0.8_READINESS_EVIDENCE_MATRIX.md,11367,608e2c89e03bb1ba13c873a957f34153d1aee597ad1cce021640ac4d15ec077f,markdown,work-order,preserved-original,
history-bank/work-orders/work-order-0.8.3-candidate/m8-candidate/README.md,3896,772d0993a3782e1fc7a386eb5e787afd708265815cd5e63346f08aafbe71f7ad,markdown,work-order,navigation,
history-bank/work-orders/work-order-0.8.3-candidate/m8-candidate/__init__.py,67,5112fc6e78b2210dd05786169172e4b917f2d1e8457e41699d70cc4c3a0a859b,python,work-order,preserved-original,
history-bank/work-orders/work-order-0.8.3-candidate/m8-candidate/canonical.py,14085,da1734670d6c3d10c03a53699b41d8bce6a74e430bc7c935ba86791151f2bc1c,python,work-order,preserved-original,
history-bank/work-orders/work-order-0.8.3-candidate/m8-candidate/cli.py,5930,000732a10a61903e0173efd10c098a78958c4bdebeedeacef26eb8f1b193e4ec,python,work-order,preserved-original,
history-bank/work-orders/work-order-0.8.3-candidate/m8-candidate/corpus/arith-div-int-exact.msve,176,16835fce950231cb9591a24a6842ad7bdd0df426f12e5a08116ea1964961da96,msve-corpus-case,work-order,preserved-original,
history-bank/work-orders/work-order-0.8.3-candidate/m8-candidate/corpus/arith-mixed-real-nat.msve,180,45d99dd2f2b846816a465f9bcc79f7b70d39061fcc181b322a4ddb21106fb7a1,msve-corpus-case,work-order,preserved-original,
history-bank/work-orders/work-order-0.8.3-candidate/m8-candidate/corpus/arith-nat-int-embed.msve,177,ed3f28f2faaf8e691742dbde2a9566a2241845eb7339044040a1b3cea4b4783d,msve-corpus-case,work-order,preserved-original,
history-bank/work-orders/work-order-0.8.3-candidate/m8-candidate/corpus/arith-neg3-plus2.msve,174,b5098e87e7126a798833494b86f66296192ec1f846bff2174783cb448b7b5d51,msve-corpus-case,work-order,preserved-original,
history-bank/work-orders/work-order-0.8.3-candidate/m8-candidate/corpus/arith-unary-minus-nat.msve,175,866adefd32bbce859d0fa8e024c5453dfa6fdf7c156389371f1708acc90b946f,msve-corpus-case,work-order,preserved-original,
history-bank/work-orders/work-order-0.8.3-candidate/m8-candidate/corpus/bare-quantifier.msve,198,fde406385f5b510aa39c5fcade88065176df19fb265837947062658173ae71b9,msve-corpus-case,work-order,preserved-original,
history-bank/work-orders/work-order-0.8.3-candidate/m8-candidate/corpus/call-local-fn.msve,245,4d4b6de3545eceddebc1fa4c0ae812815ecb72f9392ed1064f853dc1682582cd,msve-corpus-case,work-order,preserved-original,
history-bank/work-orders/work-order-0.8.3-candidate/m8-candidate/corpus/case-ok.msve,203,57327cb0b536fa4d6f1e71fd59216de8a104472bfd9ec959f9798d9fc03272cf,msve-corpus-case,work-order,preserved-original,
history-bank/work-orders/work-order-0.8.3-candidate/m8-candidate/corpus/define-shadow-builtin.msve,179,a886a3939b0bdc452c080fde0adf01e9cf5bacdc2974e719dcc4970abacc32d7,msve-corpus-case,work-order,preserved-original,
history-bank/work-orders/work-order-0.8.3-candidate/m8-candidate/corpus/f01-base-code.msve,397,35aeb61734dd245d4e0a39bb6ce7218de374c8ee9675e34b3b9e2179669d6706,msve-corpus-case,work-order,preserved-original,
history-bank/work-orders/work-order-0.8.3-candidate/m8-candidate/corpus/f04-is-nan-typed.msve,256,9acd3cc47a4c83fe6dca0c139d371e53ef4f3b2cb64110bc92c10cd8de8c2507,msve-corpus-case,work-order,preserved-original,
history-bank/work-orders/work-order-0.8.3-candidate/m8-candidate/corpus/f64-neg-zero-exp.msve,193,d4086b4a418d34e0c583929f71e686fa2751415b8e00d95dc2d60d5b6e52a2d3,msve-corpus-case,work-order,preserved-original,
history-bank/work-orders/work-order-0.8.3-candidate/m8-candidate/corpus/f64-normal-form-subnormal.msve,205,d4e9da4a39bb223b4c693ed4fe9887dd7577629001a698dd7b131c7748990241,msve-corpus-case,work-order,preserved-original,
history-bank/work-orders/work-order-0.8.3-candidate/m8-candidate/corpus/f64-subtraction-no-spaces.msve,226,d27bc859be0de5a68ce90195b3aa1549a9413e8e96324c0612c52df16d9f8870,msve-corpus-case,work-order,preserved-original,
history-bank/work-orders/work-order-0.8.3-candidate/m8-candidate/corpus/f64-upper-hex.msve,190,34fb34d7579ba7a5ef3b3289db7f5226c9ab4207cd2dbc4cf8ac4c67b5f1cb16,msve-corpus-case,work-order,preserved-original,
history-bank/work-orders/work-order-0.8.3-candidate/m8-candidate/corpus/f64-valid.msve,186,be3a0be79268d710d2e520dc854cb082989ab3edc3e574bbede3c76b3f0b6c2e,msve-corpus-case,work-order,preserved-original,
history-bank/work-orders/work-order-0.8.3-candidate/m8-candidate/corpus/gen_corpus.py,6589,abb752f4f025e00aa079a5b630a9800329accc3a36f5908457916b493f62d0b4,python,work-order,preserved-original,
history-bank/work-orders/work-order-0.8.3-candidate/m8-candidate/corpus/is_some-ok.msve,179,46429699d75f8feb039fd6df001713098626dc4fe0347d2cba7a4cc4817f0cdc,msve-corpus-case,work-order,preserved-original,
history-bank/work-orders/work-order-0.8.3-candidate/m8-candidate/corpus/let-ok.msve,176,4293e41c321e8cc4330fe7a38b7d7a784fb87e241b2eeddcf5017f1f2fddb7b4,msve-corpus-case,work-order,preserved-original,
history-bank/work-orders/work-order-0.8.3-candidate/m8-candidate/corpus/limits-steps-zero.msve,165,f335778d3a710073fbc05af36f9a0971a187172a37aeef6d8a9e29f297c6ae95,msve-corpus-case,work-order,preserved-original,
history-bank/work-orders/work-order-0.8.3-candidate/m8-candidate/corpus/limits-timeout-range.msve,160,1589216d5d75c8b4d5cafb3dbca9daf93b5545aeb4a058d4e1b19908e0a00229,msve-corpus-case,work-order,preserved-original,
history-bank/work-orders/work-order-0.8.3-candidate/m8-candidate/corpus/manifest.json,4051,cb4e8a9fcc4ea63ff79abe518ae5092e118248f4843510f0f0152c1fb8036720,json,work-order,preserved-original,
history-bank/work-orders/work-order-0.8.3-candidate/m8-candidate/corpus/proj-path-unresolvable.msve,290,39fd319917333ddf4e9d8a45c4485774c7cd7d7d94e7144a5a19fee8ba0f7966,msve-corpus-case,work-order,preserved-original,
history-bank/work-orders/work-order-0.8.3-candidate/m8-candidate/corpus/quant-nested-ok.msve,232,6a90e918e0b7c9beb72213d8fc959e4b580b81585076b658ac44040e23eb6789,msve-corpus-case,work-order,preserved-original,
history-bank/work-orders/work-order-0.8.3-candidate/m8-candidate/corpus/quant-option-domain.msve,231,0ddd766a3bb726547bb938f0cee6415a02ee0449f5f3c500ad1a107d99a0185f,msve-corpus-case,work-order,preserved-original,
history-bank/work-orders/work-order-0.8.3-candidate/m8-candidate/corpus/quant-parens-ok.msve,200,76f730bf000712f06369478e2b297e559cc3697fa0daec8ebe844ce1e13eebcd,msve-corpus-case,work-order,preserved-original,
history-bank/work-orders/work-order-0.8.3-candidate/m8-candidate/corpus/range-ok.msve,171,835e7931bff351834e043865d5f074a293c28b1217b1d2586faaa3b51202d75d,msve-corpus-case,work-order,preserved-original,
history-bank/work-orders/work-order-0.8.3-candidate/m8-candidate/corpus/record-dup-field.msve,214,81de72a6563605a9eda206246e55d318d1982a9fbc5bc1465ce570f6dc5f002e,msve-corpus-case,work-order,preserved-original,
history-bank/work-orders/work-order-0.8.3-candidate/m8-candidate/corpus/record-field-type-mismatch.msve,227,40151e4d734a6e4cd9092845c5828ef01a39ea546018081323bebf4e587c482a,msve-corpus-case,work-order,preserved-original,
history-bank/work-orders/work-order-0.8.3-candidate/m8-candidate/corpus/record-infer.msve,175,90664295714b6c561a25be47b4dcdb8529e1110dca2b6b0dbb02ee1be90ddcb0,msve-corpus-case,work-order,preserved-original,
history-bank/work-orders/work-order-0.8.3-candidate/m8-candidate/corpus/record-missing-field.msve,212,1c88a6801188da519029515da86e08232f89c3543f2f141d7297be43ea796bfe,msve-corpus-case,work-order,preserved-original,
history-bank/work-orders/work-order-0.8.3-candidate/m8-candidate/corpus/record-nested.msve,258,abc86bff4f4f57f7e1e6818c090cf6016401fb18e2bd21a8dc1eed1be98b5880,msve-corpus-case,work-order,preserved-original,
history-bank/work-orders/work-order-0.8.3-candidate/m8-candidate/corpus/record-ok.msve,207,ebc4558753174eb1b42f45e75424df12950696b6e4e995f9be470550f4f21428,msve-corpus-case,work-order,preserved-original,
history-bank/work-orders/work-order-0.8.3-candidate/m8-candidate/corpus/record-unknown-field.msve,224,6a24a88bdaeea39060dbb52b8760a9faffa95634d94bf81d56ab94fc91fc9f14,msve-corpus-case,work-order,preserved-original,
history-bank/work-orders/work-order-0.8.3-candidate/m8-candidate/corpus/string-escape-not-short.msve,186,bc14176513025946cd527e1db4d1b21bb2c6fb9fdb7dee9dd3248901c045c756,msve-corpus-case,work-order,preserved-original,
history-bank/work-orders/work-order-0.8.3-candidate/m8-candidate/corpus/string-escape-upper.msve,182,c5f6552400dc6e9330cbed014fadd1d3da9d690307692dcdc1cb412ecf861dee,msve-corpus-case,work-order,preserved-original,
history-bank/work-orders/work-order-0.8.3-candidate/m8-candidate/corpus/string-ok.msve,170,aa5749091226528167384ccf213304a4f00d942180c30933699b7f21e009e154,msve-corpus-case,work-order,preserved-original,
history-bank/work-orders/work-order-0.8.3-candidate/m8-candidate/corpus/to_rat-ok.msve,172,7c0f0199ce55cc6a15f69dbbd6fd1b0a0c3eb3c3438d5b84e2b358fcb8379fb2,msve-corpus-case,work-order,preserved-original,
history-bank/work-orders/work-order-0.8.3-candidate/m8-candidate/corpus/type-cyclic-alias.msve,177,5950a0f48ebb47b3c4b13407e6307654a9176b49f8036053e7ba3cfae14e947a,msve-corpus-case,work-order,preserved-original,
history-bank/work-orders/work-order-0.8.3-candidate/m8-candidate/corpus/type-unbound-name.msve,183,d919d3a852ef3b87c43717b4af5cb33e4b0d9d94d7804fe3156b1fc35eda92eb,msve-corpus-case,work-order,preserved-original,
history-bank/work-orders/work-order-0.8.3-candidate/m8-candidate/corpus/unbound-ident.msve,179,caf261e05e502134838c8a3f6bab12bf8d4c43cbeac1ae15e72c7dfd9e371221,msve-corpus-case,work-order,preserved-original,
history-bank/work-orders/work-order-0.8.3-candidate/m8-candidate/corpus/v07-ex0.msve,246,ef4745e1977fd7b945cf5a040772c8773fb5823e4335d2e6b74a671245a59f40,msve-corpus-case,work-order,preserved-original,
history-bank/work-orders/work-order-0.8.3-candidate/m8-candidate/corpus/v07-ex1.msve,324,81c16982016c39d1cf7a8d69b1d03aa03d7f7623b3b3ceb9020a30d5c07a257f,msve-corpus-case,work-order,preserved-original,
history-bank/work-orders/work-order-0.8.3-candidate/m8-candidate/corpus/v07-ex2.msve,327,58d4b9c90ab46751c27a1bba460f9c3a38432f3dd6dda35cdd00d96bff724ca3,msve-corpus-case,work-order,preserved-original,
history-bank/work-orders/work-order-0.8.3-candidate/m8-candidate/corpus/v07-ex3.msve,1409,a8490f13a3276d7ef177e37b8cde9ec259b679e69a846878e810b192291cddc0,msve-corpus-case,work-order,preserved-original,
history-bank/work-orders/work-order-0.8.3-candidate/m8-candidate/corpus/v07-ex4.msve,371,6b6b922ce66d9d6e729b8e99da63f5893e48bc9854156aa406864f5e789b4a09,msve-corpus-case,work-order,preserved-original,
history-bank/work-orders/work-order-0.8.3-candidate/m8-candidate/corpus/v07-ex5.msve,2334,561b2d4d8802671a4dc97751c7a34b74521062f27a1793bb53d55b00ac29f2d7,msve-corpus-case,work-order,preserved-original,
history-bank/work-orders/work-order-0.8.3-candidate/m8-candidate/corpus/v08/inv-bare-quant.msve,216,1d81cea39c930f54a9373bce08f6ee19501de243ca9b7fc10b3d7acad5f950b2,msve-corpus-case,work-order,preserved-original,
history-bank/work-orders/work-order-0.8.3-candidate/m8-candidate/corpus/v08/inv-f64-negzero.msve,212,13c6f20d48d424988a1e365ab0231901888a35bd2e8fb201c52e06d07cf31ff0,msve-corpus-case,work-order,preserved-original,
history-bank/work-orders/work-order-0.8.3-candidate/m8-candidate/corpus/v08/inv-mixed-arith.msve,192,961edd0488022dc32857e4ebe0dae1afa1fefb13178ad19e61f059e5702ec689,msve-corpus-case,work-order,preserved-original,
history-bank/work-orders/work-order-0.8.3-candidate/m8-candidate/corpus/v08/inv-proof-conflict.msve,229,8117f902102629d42dd58f72cb650338a4dfba2e7c2abe646dff1abfe858248d,msve-corpus-case,work-order,preserved-original,
history-bank/work-orders/work-order-0.8.3-candidate/m8-candidate/corpus/v08/inv-unbound.msve,205,2db5a8b38091c6207026d9739e368acb8d0837864a748ca4be572b5f52a4785a,msve-corpus-case,work-order,preserved-original,
history-bank/work-orders/work-order-0.8.3-candidate/m8-candidate/corpus/v08/v08-ex0.msve,246,ee00d8589dec21f233aff23670930b3b05bc2c753ffadf09e385396892b0c3cd,msve-corpus-case,work-order,preserved-original,
history-bank/work-orders/work-order-0.8.3-candidate/m8-candidate/corpus/v08/v08-ex1.msve,324,3baf22938deb3b0957b9377367718b3a173e14142aabe2ae0532f5fb53cd06f5,msve-corpus-case,work-order,preserved-original,
history-bank/work-orders/work-order-0.8.3-candidate/m8-candidate/corpus/v08/v08-ex2.msve,327,608e97689fc650effad75c604eafc26383eb6dd9319fd7fbd99d468aa31adce1,msve-corpus-case,work-order,preserved-original,
history-bank/work-orders/work-order-0.8.3-candidate/m8-candidate/corpus/v08/v08-ex3.msve,1406,42abbf513beae79ff2087b41d5a53b30b7c5cd7a7e8e40a7a3a1171afcecb228,msve-corpus-case,work-order,preserved-original,
history-bank/work-orders/work-order-0.8.3-candidate/m8-candidate/corpus/v08/v08-ex4.msve,371,7dada2f68a7da4827dd81db843b6efe271a30a3f4f7c705743ab686bc2edb55a,msve-corpus-case,work-order,preserved-original,
history-bank/work-orders/work-order-0.8.3-candidate/m8-candidate/corpus/v08/v08-ex5.msve,2420,f285f44e59f2ad1635dc1bb546fae87cb4fa82ba866e8fdf7b6374f68f9b3c7b,msve-corpus-case,work-order,preserved-original,
history-bank/work-orders/work-order-0.8.3-candidate/m8-candidate/corpus/verif-assurance-level-a-needs-proof.msve,200,3ee6d939a26bd48f42e5181d2cc48d155f249d0aa0a31845119e7ed87ba5d2a8,msve-corpus-case,work-order,preserved-original,
history-bank/work-orders/work-order-0.8.3-candidate/m8-candidate/corpus/verif-assurance-level-a-unavailable.msve,342,6861aacd4af3bd82650c68fe0af5488bfa0d42ae05a4bb5176cb5a3018449778,msve-corpus-case,work-order,preserved-original,
history-bank/work-orders/work-order-0.8.3-candidate/m8-candidate/corpus/verif-cases-zero.msve,207,c341436d8bd572cc5e86da40fcc2c06b3e56865930b33b252f1986a246b3594c,msve-corpus-case,work-order,preserved-original,
history-bank/work-orders/work-order-0.8.3-candidate/m8-candidate/corpus/verif-diff-plus-fuzz.msve,263,18e9ab0742650f06c22448528ac28d3327c86c3367464ccbbf765c3a597031bc,msve-corpus-case,work-order,preserved-original,
history-bank/work-orders/work-order-0.8.3-candidate/m8-candidate/corpus/verif-duplicate-test.msve,256,e6f1eabd5612a45e1800d11d7c3ace39fb6b7e899681e389364ff1eda1a7bd8e,msve-corpus-case,work-order,preserved-original,
history-bank/work-orders/work-order-0.8.3-candidate/m8-candidate/corpus/verif-proof-conflict.msve,209,2e079927528f2b6aee46d7df41a827e5185d593c0b466b350d9efe42dcb9425f,msve-corpus-case,work-order,preserved-original,
history-bank/work-orders/work-order-0.8.3-candidate/m8-candidate/corpus/verif-qualifier-default.msve,188,5f81757c93cf2b7f76fdaf851346657ec3ceab16d0e98e778ebe3878e6ef6c84,msve-corpus-case,work-order,preserved-original,
history-bank/work-orders/work-order-0.8.3-candidate/m8-candidate/corpus/verif-recompute-conflict.msve,212,a1fd871f37084a7e1fa73f0478b0d8e020fee28e49eee884a97f5bf23c7fa021,msve-corpus-case,work-order,preserved-original,
history-bank/work-orders/work-order-0.8.3-candidate/m8-candidate/corpus/verif-test-none-conflict.msve,223,3e5a0f59ba93125d48c48f9285897104545dcc246e2ab3ad9f0ce2bdf6ff1968,msve-corpus-case,work-order,preserved-original,
history-bank/work-orders/work-order-0.8.3-candidate/m8-candidate/grammar.py,6321,df26d22d8d97c02f2bbd7cc2655b94eb3f1a9bf9d233fcc31b687fb34e814336,python,work-order,preserved-original,
history-bank/work-orders/work-order-0.8.3-candidate/m8-candidate/lexer.py,6375,ef708b0e69c4e97e29221984f3be690463c22619d1e5d28225cf01d2cfbea3b2,python,work-order,preserved-original,
history-bank/work-orders/work-order-0.8.3-candidate/m8-candidate/parser.py,30216,7728b2882a5ee154fc3011a26a7e3c78bb03aadf4beb543cda36e54238a22a1f,python,work-order,preserved-original,
history-bank/work-orders/work-order-0.8.3-candidate/m8-candidate/resolve.py,7451,fbe084d993db67e09c1582d100121ccdd0ca90b68f9def6a601c8de798465bce,python,work-order,preserved-original,
history-bank/work-orders/work-order-0.8.3-candidate/m8-candidate/runs/2026-10-09-m8-build.md,2739,8bdf657b670e07b33a32687cc82af46056627814ed3439a55aa2c5974789df92,markdown,work-order,preserved-original,
history-bank/work-orders/work-order-0.8.3-candidate/m8-candidate/runs/phase0-capability-probe.md,1694,49e820fca06a3ff262fb277fde47d2b098ce98a349fb5e6968a97f7df272d004,markdown,work-order,preserved-original,
history-bank/work-orders/work-order-0.8.3-candidate/m8-candidate/tests/__init__.py,1556,671207b454c364a330090bef92fa92bf28eb83f053670499e1d85c2068ad0c6c,python,work-order,preserved-original,
history-bank/work-orders/work-order-0.8.3-candidate/m8-candidate/tests/test_canonical.py,6018,cb67f0b79b61a5cfbf98dc35539d3bff48ddb9c2f6285d1dc6ee1c8a32fa6840,python,work-order,preserved-original,
history-bank/work-orders/work-order-0.8.3-candidate/m8-candidate/tests/test_grammar_conformance.py,1326,c6cda78f566b582f6d4d1675821ee3771c7e7f5a1627dd00a02d7016af03f0d3,python,work-order,preserved-original,
history-bank/work-orders/work-order-0.8.3-candidate/m8-candidate/typecheck.py,36572,55ed38054416dd3e336d297f4efd5b78f667fc0a27d96420ce9fa5377f0c57ea,python,work-order,preserved-original,
history-bank/work-orders/work-order-0.8.4-audit/MSVE_v0.8.4_AUDIT_INPUT_MANIFEST.md,2435,1c39690f4be54c06fcb5404c0787085564ae46a36435f1df08bed3af7a3eb914,markdown,work-order,preserved-original,
history-bank/work-orders/work-order-0.8.4-audit/MSVE_v0.8.4_AUDIT_MANIFEST.json,2330,9e34a26c77d9ccb9de8ee924f4aa5a3a2d1d6cf394dd95ac676b234f9ca4c7cf,json,work-order,preserved-original,
history-bank/work-orders/work-order-0.8.4-audit/MSVE_v0.8.4_FORMALIZATION_RECONCILIATION.md,4382,b59461781e534154e72ae6b2a4612fe723820d9acfbdc78b4da193d5b768a482,markdown,work-order,preserved-original,
history-bank/work-orders/work-order-0.8.4-audit/MSVE_v0.8.4_INVARIANT_FORMALIZATION_A.md,25751,434f2ded2fddfc3e9befcd9c3dbaac5939d7eb8d632c78c42cbb16035efb5079,markdown,work-order,preserved-original,
history-bank/work-orders/work-order-0.8.4-audit/MSVE_v0.8.4_INVARIANT_FORMALIZATION_B.md,26862,f8dd6f359ad08f50fd72f16d75b019dc6bb9a9b3569614291829c3a5f204da7d,markdown,work-order,preserved-original,
history-bank/work-orders/work-order-0.8.4-audit/MSVE_v0.8.4_OWNER_HANDOFF.md,3342,2ecaaabae8587416547ca6cd8c4061eb0ed539442a4542bc553b2822cccd2a88,markdown,work-order,preserved-original,
history-bank/work-orders/work-order-0.8.4-audit/MSVE_v0.8.4_SCHEMA_CONSISTENCY_REPORT.md,5820,fef4fac2919254b8619dc9742f9c1df03a60448eeee8180da507d97561223d46,markdown,work-order,preserved-original,
history-bank/work-orders/work-order-0.8.4-audit/MSVE_v0.8.4_VERIFICATION_EVIDENCE.md,2570,72960cb6b15d48f770e11f5deed4ce06a7d9f112c831c14b86eea5cd73b1fa86,markdown,work-order,preserved-original,
history-bank/work-orders/work-order-0.8.4-audit/MSVE_v0.8.4_WITNESS_AND_COUNTERMODEL_CATALOG.md,4853,76cf92b1b6e170d286e3ca3c1045f6cfebae4556fc1408a083ee6356bda6f262,markdown,work-order,preserved-original,
history-bank/work-orders/work-order-0.8.4-audit/audit_model.py,13505,ec43524b5e252f2987fc0dcf77257173277496a825b82722d3abed445075aa54,python,work-order,preserved-original,
history-bank/work-orders/work-order-0.8.4-audit/dump_witnesses.py,2608,9f4995c5bf02623ec0c7882aa4b8671c087579b3a34570a6d31d24a06fa55d11,python,work-order,preserved-original,
history-bank/work-orders/work-order-0.8.4-audit/formalization-A-draft.md,25751,434f2ded2fddfc3e9befcd9c3dbaac5939d7eb8d632c78c42cbb16035efb5079,markdown,work-order,preserved-original,
history-bank/work-orders/work-order-0.8.4-audit/formalization-B-draft.md,26862,f8dd6f359ad08f50fd72f16d75b019dc6bb9a9b3569614291829c3a5f204da7d,markdown,work-order,preserved-original,
history-bank/work-orders/work-order-0.8.4-audit/run_audit.py,17360,32de9b0365847a1f6800e8967d089c3958e7ce9410eeadea6fec124e54c867b0,python,work-order,preserved-original,
history-bank/work-orders/work-order-0.8.5-audit-reconciliation/MSVE_v0.8.5_AUDIT_MANIFEST.json,1655,7689a7a629399812975479d0919b284e1fa49e435264c19cc9d38736f1fb2a21,json,work-order,preserved-original,
history-bank/work-orders/work-order-0.8.5-audit-reconciliation/MSVE_v0.8.5_CHECK_RECONCILIATION.md,5354,4ec9afa1bab137d29ee49ab7b3e446fc2955a447801aa03180cc5a265d3c3eee,markdown,work-order,preserved-original,
history-bank/work-orders/work-order-0.8.5-audit-reconciliation/MSVE_v0.8.5_EVIDENCE_INDEX.md,3290,4d8df7bcc37e488cb9979b74d36a1ee0abb13f0d14a600fefb1e6e69e79a8923,markdown,work-order,preserved-original,
history-bank/work-orders/work-order-0.8.5-audit-reconciliation/MSVE_v0.8.5_F20_ADJUDICATION.md,4796,c94b8dc0b19654ae7eee7a3da0e85521a5dddfe07406929fbcb8ee5e41ff4376,markdown,work-order,preserved-original,
history-bank/work-orders/work-order-0.8.5-audit-reconciliation/MSVE_v0.8.5_F20_CORRECTION_PROPOSAL.md,1507,07d7878c7668df3fe2261471dc358348046abfa11cf39d8eb4e806f1687f2615,markdown,work-order,preserved-original,
history-bank/work-orders/work-order-0.8.5-audit-reconciliation/MSVE_v0.8.5_SATISFIABILITY_SCOPE.md,4268,e13bc5b70d1a4a103a6f6d8b98137956ad6665d5f4f22dfa65a91c0a6238b336,markdown,work-order,preserved-original,
history-bank/work-orders/work-order-0.8.5-audit-reconciliation/dump_assignment.py,1963,c31e585601150a35b617ab6da6b584a9e41f80048ebf9e169344963eb0e933be,python,work-order,preserved-original,
history-bank/work-orders/work-order-0.8.5-audit-reconciliation/f20_adjudication.py,3116,8f7951de22de8d13a7991399424b3539d784ff55833c69118757acdf8b2ca943,python,work-order,preserved-original,
history-bank/work-orders/work-order-0.8.5-audit-reconciliation/run_audit_raw_output.txt,2473,4c0393b45fd4239826b838b18fae0e806e308250cf9916ea9eae334b2eeedb2a,text,work-order,preserved-original,
history-bank/work-orders/work-order-0.8.5-audit-reconciliation/s1_assignment.json,1111,4363424bb13897ff8383ac3badaefa38e414e18cdd02558835ee16911a7832f6,json,work-order,preserved-original,
history-bank/work-orders/work-order-0.8.5-audit-reconciliation/transfer/MSVE_v0.8.5_CHECK_RECONCILIATION.md,5354,4ec9afa1bab137d29ee49ab7b3e446fc2955a447801aa03180cc5a265d3c3eee,markdown,work-order,preserved-original,
history-bank/work-orders/work-order-0.8.5-audit-reconciliation/transfer/MSVE_v0.8.5_EVIDENCE_INDEX.md,3290,4d8df7bcc37e488cb9979b74d36a1ee0abb13f0d14a600fefb1e6e69e79a8923,markdown,work-order,preserved-original,
history-bank/work-orders/work-order-0.8.5-audit-reconciliation/transfer/MSVE_v0.8.5_F20_ADJUDICATION.md,4796,c94b8dc0b19654ae7eee7a3da0e85521a5dddfe07406929fbcb8ee5e41ff4376,markdown,work-order,preserved-original,
history-bank/work-orders/work-order-0.8.5-audit-reconciliation/transfer/MSVE_v0.8.5_SATISFIABILITY_SCOPE.md,4268,e13bc5b70d1a4a103a6f6d8b98137956ad6665d5f4f22dfa65a91c0a6238b336,markdown,work-order,preserved-original,
history-bank/work-orders/work-order-0.8.5-audit-reconciliation/transfer/MSVE_v0.8.5_TRANSFER_MANIFEST.md,4964,f1252ac8ea46b0a4d1e28c9e642d0174246dc2a7bf1cc533e293c5359061d717,markdown,work-order,preserved-original,
history-bank/work-orders/work-order-0.8.5.2-audit/MSVE_v0.8.5.2_AUDIT_MANIFEST.json,1236,b9b987053f4691fb584325b0adf48bb4d91c7d4691f03365d26d223489194fb1,json,work-order,preserved-original,
history-bank/work-orders/work-order-0.8.5.2-audit/MSVE_v0.8.5.2_EVIDENCE_INDEX.md,2814,9864f943401fc6bb0db4903a023899888b74039069704194c86f7c3b97bfa2b0,markdown,work-order,preserved-original,
history-bank/work-orders/work-order-0.8.5.2-audit/MSVE_v0.8.5.2_F20_PROSE_FORMULA_ALIGNMENT.md,3416,ad2cf0267f83768c11e6f804dbda04ee42154eedcc4d8bcb953e1a0228721b6f,markdown,work-order,preserved-original,
history-bank/work-orders/work-order-0.8.5.2-audit/MSVE_v0.8.5.2_F21_ASSURANCE_EVIDENCE_AUDIT.md,5660,19a5b7c1b61d91d3d455f6bcad868f082511ac971d5a428d4470f81dc60d6db9,markdown,work-order,preserved-original,
history-bank/work-orders/work-order-0.8.5.2-audit/MSVE_v0.8.5.2_F22_TRANSFER_RECONCILIATION.md,1861,cc24b9d2c54ed55b27a937946ff64c3a965274d21009d877c585bca1d97b9b1e,markdown,work-order,preserved-original,
history-bank/work-orders/work-order-0.8.5.2-audit/MSVE_v0.8.5_CHECK_RECONCILIATION_CORRECTED.md,5372,658d9256f40dd8adba33c7a72c4e0e19ca5e749015abf6bc8a99e2e3edaa1506,markdown,work-order,preserved-original,
history-bank/work-orders/work-order-0.8.5.2-audit/f21_assurance_tests.py,4382,3e118600da63ceef02e29237c4ad8f53d3a92cacc1729feb3451dee5725a7224,python,work-order,preserved-original,
history-bank/work-orders/work-order-0.8.6-candidate/MSVE_ACCEPTANCE_PLAN_v0.8.md,10543,3f9fcaf291f1e79fe563fd9b9d679db1820d6d3af13af4df0cc4c7e8bc89395d,markdown,work-order,preserved-original,
history-bank/work-orders/work-order-0.8.6-candidate/MSVE_CAPABILITY_MATRIX_v0.8.md,2022,28838a24eeae5a81557a86fb3c6beb64e32fb17e27e32aeaea94a017a7691d2f,markdown,work-order,preserved-original,
history-bank/work-orders/work-order-0.8.6-candidate/MSVE_DESIGN_REVIEW_v0.8.md,11156,d7be8c8db1c1e2f1db73efac8287ec3545c2390829f8c43f008fa46093671015,markdown,work-order,preserved-original,
history-bank/work-orders/work-order-0.8.6-candidate/MSVE_DESIGN_SPEC_v0.8.md,88466,13a5aced8bb77cb25394ea7ba324e5bb732fefaa9c213e797dfee48638050245,markdown,work-order,preserved-original,
history-bank/work-orders/work-order-0.8.6-candidate/MSVE_REGRESSION_LEDGER_v0.8.md,36295,71146f7c5e913d43aadc23f2bb5819c9b4cfcb5f1ccb1e72a845fef8a46fe717,markdown,work-order,preserved-original,
history-bank/work-orders/work-order-0.8.6-candidate/MSVE_VISUALISATION_PLAN_v0.8.md,6697,fb03b6098aecb6b98ca31cf0c9eac092620075480c59def0602f122c449e28dd,markdown,work-order,preserved-original,
history-bank/work-orders/work-order-0.8.6-candidate/MSVE_v0.8.6_CANDIDATE_MANIFEST.json,2915,4a5509d88877eb8f1de9556578ed00991b34c82c804b81318f43e1d4c76db92b,json,work-order,preserved-original,
history-bank/work-orders/work-order-0.8.6-candidate/MSVE_v0.8.6_CORRECTION_REPORT.md,5647,3cc6ec08dae210e7394abb7aed5ffad66a654f5761481b607cbc7e77defdcfe4,markdown,work-order,preserved-original,
history-bank/work-orders/work-order-0.8.6-candidate/MSVE_v0.8.6_CROSS_DOCUMENT_MATRIX.md,1772,103dc254185f7feb44ebe4dcb40dcb0add9cfc19245c6705043e03f037a2173e,markdown,work-order,preserved-original,
history-bank/work-orders/work-order-0.8.6-candidate/MSVE_v0.8.6_F20_VERIFICATION.md,2272,221e763fe42f6bed336a21109622bd3d0158f070fea2f334505271e9e479d14b,markdown,work-order,preserved-original,
history-bank/work-orders/work-order-0.8.6-candidate/MSVE_v0.8.6_F21_ASSURANCE_EVIDENCE_RULES.md,3198,c7fc9ae07b080b662882cf5d0d76592edbbfc6cf2cb37dc5638fbeacb54cb547,markdown,work-order,preserved-original,
history-bank/work-orders/work-order-0.8.6-candidate/MSVE_v0.8.6_OWNER_HANDOFF.md,2492,c3d17d4ca270a1fe46534438ef577b18883dcd1e1e7781288d8cbb140ce603f2,markdown,work-order,preserved-original,
history-bank/work-orders/work-order-0.8.6-candidate/MSVE_v0.8.6_VERIFICATION_EVIDENCE.md,2688,3af2e4cff27ab88ef749ea112aedee889bf8e88dc68f41f3c73ac056a35573a4,markdown,work-order,preserved-original,
history-bank/work-orders/work-order-0.8.6-candidate/MSVE_v0.8_DEFECT_TRACEABILITY.md,8287,4e41185dcddf91ed8e8d4dbe010cf301d24ad9003008af89859fd79c8d656759,markdown,work-order,preserved-original,
history-bank/work-orders/work-order-0.8.6-candidate/MSVE_v0.8_READINESS_EVIDENCE_MATRIX.md,11367,608e2c89e03bb1ba13c873a957f34153d1aee597ad1cce021640ac4d15ec077f,markdown,work-order,preserved-original,
history-bank/work-orders/work-order-0.8.6-candidate/audit_model_086.py,16341,99d68de70bddec92e0f45f4cee1863856a7ec7d10e6fec6868d67d472ac562de,python,work-order,preserved-original,
history-bank/work-orders/work-order-0.8.6-candidate/owner-review-transfer/MSVE_v0.8.6_TRANSFER_FORMAL_MODEL.md,16425,802032b79062feb59ae87e30955cf0715f868677bb64aab028a2389170b9d6cb,markdown,work-order,preserved-original,
history-bank/work-orders/work-order-0.8.6-candidate/owner-review-transfer/MSVE_v0.8.6_TRANSFER_HANDOFF.md,2866,dfb54206b6e6f2924cf1c790d5bbfddf92b39291aa8b53e109693aa37187fca0,markdown,work-order,preserved-original,
history-bank/work-orders/work-order-0.8.6-candidate/owner-review-transfer/MSVE_v0.8.6_TRANSFER_MANIFEST.md,3033,cc0d1395b8c53c674db0760bea1fcd1d656f674b0ab4c98d082bcf1d8f04c1f5,markdown,work-order,preserved-original,
history-bank/work-orders/work-order-0.8.6-candidate/owner-review-transfer/MSVE_v0.8.6_TRANSFER_NORMATIVE_TEXT.md,17612,ff12ddc7859ea78e3cbd0aa73e0ce592ca9e512270b67e2433fa74fcaf4a753a,markdown,work-order,preserved-original,
history-bank/work-orders/work-order-0.8.6-candidate/owner-review-transfer/MSVE_v0.8.6_TRANSFER_REGRESSION_EVIDENCE.md,13895,c33d3c8d864661df2b27ba7e53e3c14db65b752c06b48216832d3d08b6dd3448,markdown,work-order,preserved-original,
history-bank/work-orders/work-order-0.8.6-candidate/owner-review-transfer/MSVE_v0.8.6_TRANSFER_VERIFICATION_RECORD.md,3570,37d0d17aa9b21ca96ce7088a5a033d2d98577f7b8a745afb40c3736528d78fe6,markdown,work-order,preserved-original,
history-bank/work-orders/work-order-0.8.6-candidate/run_audit_086.py,10278,e91cc967e8d39271822b761213d1841e9bec8ee22fb868302b6f288852486ead,python,work-order,preserved-original,
history-bank/work-orders/work-order-0.8.7-candidate/MSVE_ACCEPTANCE_PLAN_v0.8.md,10543,3f9fcaf291f1e79fe563fd9b9d679db1820d6d3af13af4df0cc4c7e8bc89395d,markdown,work-order,preserved-original,
history-bank/work-orders/work-order-0.8.7-candidate/MSVE_CAPABILITY_MATRIX_v0.8.md,2022,28838a24eeae5a81557a86fb3c6beb64e32fb17e27e32aeaea94a017a7691d2f,markdown,work-order,preserved-original,
history-bank/work-orders/work-order-0.8.7-candidate/MSVE_DESIGN_REVIEW_v0.8.md,11156,d7be8c8db1c1e2f1db73efac8287ec3545c2390829f8c43f008fa46093671015,markdown,work-order,preserved-original,
history-bank/work-orders/work-order-0.8.7-candidate/MSVE_DESIGN_SPEC_v0.8.md,90498,48707955c81c4731e8533fa5135de2001388fd11461e2b0cef5a518730c4080e,markdown,work-order,preserved-original,
history-bank/work-orders/work-order-0.8.7-candidate/MSVE_REGRESSION_LEDGER_v0.8.md,37814,7290681eac3705741615718ca3f2c3eafbafe759885e186cf1cd7408eb8dc9ec,markdown,work-order,preserved-original,
history-bank/work-orders/work-order-0.8.7-candidate/MSVE_VISUALISATION_PLAN_v0.8.md,6697,fb03b6098aecb6b98ca31cf0c9eac092620075480c59def0602f122c449e28dd,markdown,work-order,preserved-original,
history-bank/work-orders/work-order-0.8.7-candidate/MSVE_v0.8.6_CANDIDATE_MANIFEST.json,2915,4a5509d88877eb8f1de9556578ed00991b34c82c804b81318f43e1d4c76db92b,json,work-order,preserved-original,
history-bank/work-orders/work-order-0.8.7-candidate/MSVE_v0.8.6_CORRECTION_REPORT.md,5647,3cc6ec08dae210e7394abb7aed5ffad66a654f5761481b607cbc7e77defdcfe4,markdown,work-order,preserved-original,
history-bank/work-orders/work-order-0.8.7-candidate/MSVE_v0.8.6_CROSS_DOCUMENT_MATRIX.md,1772,103dc254185f7feb44ebe4dcb40dcb0add9cfc19245c6705043e03f037a2173e,markdown,work-order,preserved-original,
history-bank/work-orders/work-order-0.8.7-candidate/MSVE_v0.8.6_F20_VERIFICATION.md,2272,221e763fe42f6bed336a21109622bd3d0158f070fea2f334505271e9e479d14b,markdown,work-order,preserved-original,
history-bank/work-orders/work-order-0.8.7-candidate/MSVE_v0.8.6_F21_ASSURANCE_EVIDENCE_RULES.md,3198,c7fc9ae07b080b662882cf5d0d76592edbbfc6cf2cb37dc5638fbeacb54cb547,markdown,work-order,preserved-original,
history-bank/work-orders/work-order-0.8.7-candidate/MSVE_v0.8.6_OWNER_HANDOFF.md,2492,c3d17d4ca270a1fe46534438ef577b18883dcd1e1e7781288d8cbb140ce603f2,markdown,work-order,preserved-original,
history-bank/work-orders/work-order-0.8.7-candidate/MSVE_v0.8.6_VERIFICATION_EVIDENCE.md,2688,3af2e4cff27ab88ef749ea112aedee889bf8e88dc68f41f3c73ac056a35573a4,markdown,work-order,preserved-original,
history-bank/work-orders/work-order-0.8.7-candidate/MSVE_v0.8.7_CANDIDATE_MANIFEST.json,2666,a26c710b2142ab0b41445aa0278b97eebe0e5e9196c5e3efd6ad72f4967cf685,json,work-order,preserved-original,
history-bank/work-orders/work-order-0.8.7-candidate/MSVE_v0.8.7_COVERAGE_MATRIX.md,2316,8a3a15cc1d0a19c5718f830e012d5af7155c7d2cace5d114401f793e1630062b,markdown,work-order,preserved-original,
history-bank/work-orders/work-order-0.8.7-candidate/MSVE_v0.8.7_DISPOSITION_TABLE.md,4116,241ddaf14e882145f2f25a922ae2cec9d268b55afd672cfd08338a14034ba98e,markdown,work-order,preserved-original,
history-bank/work-orders/work-order-0.8.7-candidate/MSVE_v0.8.7_OWNER_HANDOFF.md,2820,9a0efa736ece5ba2aa14650deee07566257f173fe96d35b671d703832f4c0855,markdown,work-order,preserved-original,
history-bank/work-orders/work-order-0.8.7-candidate/MSVE_v0.8_DEFECT_TRACEABILITY.md,8287,4e41185dcddf91ed8e8d4dbe010cf301d24ad9003008af89859fd79c8d656759,markdown,work-order,preserved-original,
history-bank/work-orders/work-order-0.8.7-candidate/MSVE_v0.8_READINESS_EVIDENCE_MATRIX.md,11367,608e2c89e03bb1ba13c873a957f34153d1aee597ad1cce021640ac4d15ec077f,markdown,work-order,preserved-original,
history-bank/work-orders/work-order-0.8.7-candidate/audit_model_086.py,16341,99d68de70bddec92e0f45f4cee1863856a7ec7d10e6fec6868d67d472ac562de,python,work-order,preserved-original,
history-bank/work-orders/work-order-0.8.7-candidate/audit_model_087.py,18391,7239f6060378b90adffe8de2dd43982ea117d0506a39c85bbe7c19cb000a77df,python,work-order,preserved-original,
history-bank/work-orders/work-order-0.8.7-candidate/owner-review-transfer/MSVE_v0.8.7_TRANSFER_HANDOFF.md,2274,f397f6bf26e3e3f15f8be77480f17d4c6f30555579c1231bc36cc85ae2149f02,markdown,work-order,preserved-original,
history-bank/work-orders/work-order-0.8.7-candidate/owner-review-transfer/MSVE_v0.8.7_TRANSFER_MANIFEST.md,4532,ded7494058e76168018e94c809c86d68bd591433e11fbc0979e4e3cc464ac651,markdown,work-order,preserved-original,
history-bank/work-orders/work-order-0.8.7-candidate/owner-review-transfer/MSVE_v0.8.7_TRANSFER_MODEL_LINKAGE.md,5741,9e6f658fd0c363cadedb9ae866961846d0693f9fc1bef22640ec331de7840017,markdown,work-order,preserved-original,
history-bank/work-orders/work-order-0.8.7-candidate/owner-review-transfer/MSVE_v0.8.7_TRANSFER_NORMATIVE_TEXT.md,11732,1944ce6169efc5dd095f9756aa9d5cf84aba94a3403518f25b3d13807456427f,markdown,work-order,preserved-original,
history-bank/work-orders/work-order-0.8.7-candidate/owner-review-transfer/MSVE_v0.8.7_TRANSFER_REGRESSION_EVIDENCE.md,5654,db473631c85d156fa62c2dae2eab801953a722a56a37f2a30a1af6a41bc7157a,markdown,work-order,preserved-original,
history-bank/work-orders/work-order-0.8.7-candidate/owner-review-transfer/MSVE_v0.8.7_TRANSFER_REVIEW_STATUS.md,1830,2fdf6a075c639c5201a9ecaeceb4a134940f4dff6bd6e5fa6e01703666a12d89,markdown,work-order,preserved-original,
history-bank/work-orders/work-order-0.8.7-candidate/owner-review-transfer/MSVE_v0.8.7_TRANSFER_SOLVER_LINKAGE.md,7245,d095f544d3b041558501a2f7104e7e1450117bc1ba83e0de7241c5a782c7b7cd,markdown,work-order,preserved-original,
history-bank/work-orders/work-order-0.8.7-candidate/owner-review-transfer/run_audit_087.py,12576,c343ea23022e575dfa3466db71657b5edde6541f46057b329912fd7a63f54474,python,work-order,preserved-original,
history-bank/work-orders/work-order-0.8.7-candidate/owner-review-transfer/run_audit_087_raw.log,1385,94816387678c057f760086df1e6e025cfac50e389fc552687602b8375c6890b3,log,work-order,preserved-original,
history-bank/work-orders/work-order-0.8.7-candidate/owner-review-transfer/sat_models_087.json,9586,3e37f98f52509b9522268f316e8c57c4f527f02cc674a6e93bdb93a64b8dbf27,json,work-order,preserved-original,
history-bank/work-orders/work-order-0.8.7-candidate/run_audit_086.py,10278,e91cc967e8d39271822b761213d1841e9bec8ee22fb868302b6f288852486ead,python,work-order,preserved-original,
history-bank/work-orders/work-order-0.8.7-candidate/run_audit_087.py,12576,c343ea23022e575dfa3466db71657b5edde6541f46057b329912fd7a63f54474,python,work-order,preserved-original,
history-bank/work-orders/work-order-0.8.7-candidate/run_audit_087_raw.log,1385,94816387678c057f760086df1e6e025cfac50e389fc552687602b8375c6890b3,log,work-order,preserved-original,
history-bank/work-orders/work-order-0.8.7-candidate/sat_models_087.json,9586,3e37f98f52509b9522268f316e8c57c4f527f02cc674a6e93bdb93a64b8dbf27,json,work-order,preserved-original,
history-bank/work-orders/work-order-0.8.7.2-review/MSVE_v0.8.7.2_CLAIM_IDENTITY_OPTIONS.md,5835,0814242fef3b7b6a845287569961386ceff75d2c84ded9e28ecf3313af9b06f0,markdown,work-order,preserved-original,
history-bank/work-orders/work-order-0.8.7.2-review/MSVE_v0.8.7.2_LINKAGE_GAP_MATRIX.md,3407,e62c6cd62b77dd4101d11f960f6b8407679e4ce3142ff19b10505fc14f292c63,markdown,work-order,preserved-original,
history-bank/work-orders/work-order-0.8.7.2-review/MSVE_v0.8.7.2_OWNER_DECISION.md,3335,911c6541c437289439d8512f09c726e2e89874eb06eb7e7055504b4ae2fa9b88,markdown,work-order,preserved-original,
history-bank/work-orders/work-order-0.8.7.2-review/MSVE_v0.8.7.2_SOLVER_LINKAGE_OPTIONS.md,4884,24224541d76f97489d1a45efa887baf0aa8bbf91515b0c3316c8a6aa78e4244f,markdown,work-order,preserved-original,
history-bank/work-orders/work-order-0.8.7.2-review/MSVE_v0.8.7.2_SOURCE_IDENTITY_AUDIT.md,2702,a338de11450c004cc13964fc539a8af4d53c407f1d9bed5e86d9c7e119090f06,markdown,work-order,preserved-original,
history-bank/work-orders/work-order-0.8.8-candidate/MSVE_DESIGN_SPEC_v0.8.md,95530,69828cb4c1048f2e233d6d6fefeecc86b4a1e337e6566405293e65d8eef2505f,markdown,work-order,preserved-original,
history-bank/work-orders/work-order-0.8.8-candidate/MSVE_v0.8.8_CANDIDATE_MANIFEST.json,3099,518ba4ec0421e7a6f72e3ee2558f8839a12dbac2e2fab7c7d4174e5266de18ee,json,work-order,preserved-original,
history-bank/work-orders/work-order-0.8.8-candidate/MSVE_v0.8.8_DESIGN_NOTE.md,2325,e75ba6b4ff8801dce0e380ae0d811b13a613a1b89c825d12e190d719de94979e,markdown,work-order,preserved-original,
history-bank/work-orders/work-order-0.8.8-candidate/MSVE_v0.8.8_DISPOSITION_TABLE.md,2548,dc73500204405d50e3eaeeb764c080d71a6b60a237a1c6770e55c62bc8905995,markdown,work-order,preserved-original,
history-bank/work-orders/work-order-0.8.8-candidate/MSVE_v0.8.8_MODEL_REVIEW.md,3359,7db3ace29bfd90542a703dacadf374625956734958dd9cbf8d417ab45adad984,markdown,work-order,preserved-original,
history-bank/work-orders/work-order-0.8.8-candidate/MSVE_v0.8.8_NORMATIVE_REVIEW.md,6568,bc83473b5e807de681f4a9dd40589e472e830af007eac848cb887af8b89e1dc4,markdown,work-order,preserved-original,
history-bank/work-orders/work-order-0.8.8-candidate/MSVE_v0.8.8_OWNER_HANDOFF.md,1986,103858e3171fb0f93c1613d848ea3e6e1ffcf324846e09545e9dc7c21544fc25,markdown,work-order,preserved-original,
history-bank/work-orders/work-order-0.8.8-candidate/MSVE_v0.8.8_REGRESSION_MATRIX.md,1626,276f0b71078214e94d8fa24a9f3c262387c6fd652d0eee32f26716c0148d6f68,markdown,work-order,preserved-original,
history-bank/work-orders/work-order-0.8.8-candidate/MSVE_v0.8.8_SOURCE_TO_CONSTRAINT.md,1348,f186ec620579b1e5b7b4283ac09f3ce4193075f858581da5130fe65ead522758,markdown,work-order,preserved-original,
history-bank/work-orders/work-order-0.8.8-candidate/audit_model_088.py,19714,2a3222a9022df0da45bc5f4ba460936c3f4ded6fd800e829ba849260ce6f1762,python,work-order,preserved-original,
history-bank/work-orders/work-order-0.8.8-candidate/run_audit_088.py,12199,0658135d6bd2ea07dc497663dee11a0219679d83968607c8d05527527358d3ba,python,work-order,preserved-original,
history-bank/work-orders/work-order-0.8.8-candidate/run_audit_088_raw.log,1251,57f5f7cfce9c4092854d1f757b731d0b90e0d86d3207f2409c96f230526bdeea,log,work-order,preserved-original,
history-bank/work-orders/work-order-0.8.8-candidate/sat_models_088.json,11496,24548aedb8f3143b0b5742ae8543a07be5929de8dc8a294306e82e3ac4415973,json,work-order,preserved-original,
history-bank/work-orders/work-order-0.8.8.1-candidate/MSVE_DESIGN_SPEC_v0.8.md,96366,dbc610c3a97d7107ab0f4de499b240e243f45c49b56f0a1855b7333c80cb7782,markdown,work-order,preserved-original,
history-bank/work-orders/work-order-0.8.8.1-candidate/MSVE_v0.8.8.1_CANDIDATE_MANIFEST.json,2604,2c40f860e34387b0b2dfd1dc8a3e8f260455a6f178f7a4affcc9ef8d0f00e7ee,json,work-order,preserved-original,
history-bank/work-orders/work-order-0.8.8.1-candidate/MSVE_v0.8.8.1_DESCRIPTOR_MATRIX.md,1131,dbb8b38af2330e5cc0e8e1213231a51cb48e15fa7ad3e9a34e51390a84e6333a,markdown,work-order,preserved-original,
history-bank/work-orders/work-order-0.8.8.1-candidate/MSVE_v0.8.8.1_FINAL_HANDOFF.md,2034,0fc7d61ef05c56b4f8a56c79f45cb3345486b04ce5384141db934abc23277cfc,markdown,work-order,preserved-original,
history-bank/work-orders/work-order-0.8.8.1-candidate/MSVE_v0.8.8.1_FINAL_MANIFEST.json,2818,44915c5a101aa12f6cece79c027153ad63b75d050c509073e7cd026cbade72be,json,work-order,preserved-original,
history-bank/work-orders/work-order-0.8.8.1-candidate/MSVE_v0.8.8.1_LINKAGE_MATRIX.md,913,ae9adbb7e5c45604a888f8ca3f07e0eb06c108e87389c814668cc8d95562973f,markdown,work-order,preserved-original,
history-bank/work-orders/work-order-0.8.8.1-candidate/MSVE_v0.8.8.1_MODEL_REVIEW.md,2555,5fe16ba74ace45cd7fe336211ed867185dad49e7741d45c0e93a50a3b5209826,markdown,work-order,preserved-original,
history-bank/work-orders/work-order-0.8.8.1-candidate/MSVE_v0.8.8.1_NORMATIVE_REVIEW.md,2677,8a3b8dffe3e69171ac5382b3db10c46f9c9b86dc86c9662a9090d79d298e9943,markdown,work-order,preserved-original,
history-bank/work-orders/work-order-0.8.8.1-candidate/MSVE_v0.8.8.1_OUTCOME_MATRIX.md,984,e5e2fb1f9f6bc7ca31c4d4c246b81c5013a369a85002902ae6db6c1641190d76,markdown,work-order,preserved-original,
history-bank/work-orders/work-order-0.8.8.1-candidate/MSVE_v0.8.8.1_OWNER_HANDOFF.md,2625,433de3a16d18332960a4d84966d4c04f7c6f259e62cbb9d4bebafd555fdf48af,markdown,work-order,preserved-original,
history-bank/work-orders/work-order-0.8.8.1-candidate/MSVE_v0.8.8.1_RECONCILIATION.md,2426,483e3992a39afccf589b3f315c7d2d9f9f1737f66ffa200371d2a80ae54f361f,markdown,work-order,preserved-original,
history-bank/work-orders/work-order-0.8.8.1-candidate/audit_model_0881.py,21788,fc6eb49f50eae04595495af05058d52f7c27b0d5b29aa3e16254a33f66be31ae,python,work-order,preserved-original,
history-bank/work-orders/work-order-0.8.8.1-candidate/run_audit_0881.py,10120,c750ef5c37a132893908c1bfaf4070e67d5a842e7043684e95f05a1936711f83,python,work-order,preserved-original,
history-bank/work-orders/work-order-0.8.8.1-candidate/run_audit_0881_raw.log,852,525cd40667f96be4d297f5be39a8c02e72ddf7f1644b7e3a31c73006082b480a,log,work-order,preserved-original,
history-bank/work-orders/work-order-0.8.8.1-candidate/sat_models_0881.json,7613,f67c8dbfd26e39b77edb85c6e6177341847bcbb89ddd106e1461b383587748e0,json,work-order,preserved-original,
records/continuity-export-01/00_START_HERE_AND_CURRENT_STATUS.md,4079,87ff9bcc4c01368a098eadafcef15df834aaa6371ddf6405cb6321c37a160aa9,markdown,continuity-record,preserved-original,
records/continuity-export-01/01_COMPLETE_WORK_ORDER_TIMELINE.md,8153,99668189e11957e57afcfad9f9e97f92d38f577f823406dd1aff815f6699d7da,markdown,continuity-record,preserved-original,
records/continuity-export-01/02_FINDING_AND_CORRECTION_LEDGER.md,5549,934fd0a43f48fa6b4bcdb0bb39e9791e75c49e665eb70ce89f2cd4b66ab8a9fb,markdown,continuity-record,preserved-original,
records/continuity-export-01/03_CURRENT_SPECIFICATION_AND_MODEL_CONTRACT.md,5527,b60326e3bd2d13642e13565018e0714cd897f080b0f18e8b9ebd04c2e4d6b5e6,markdown,continuity-record,preserved-original,
records/continuity-export-01/04_FORMAL_VERIFICATION_AND_TEST_EVIDENCE.md,4077,753a150b6d6271366eac1f73bec19c266543fbe621b8b3e1d050f8ab2f267a00,markdown,continuity-record,preserved-original,
records/continuity-export-01/05_INDEPENDENT_REVIEW_AND_GOVERNANCE_HISTORY.md,2947,01387a75d10aeda89e500cd618f4c9647365973304d6a392191c2dd1a08f5ecc,markdown,continuity-record,preserved-original,
records/continuity-export-01/06_OWNER_DECISIONS_AND_OPEN_QUESTIONS.md,3106,17888b6f42c34dff1fba7d1abc946ead5da3b48d1fba07033d8e3464fa0f2bc4,markdown,continuity-record,preserved-original,
records/continuity-export-01/07_SOURCE_MANIFEST_AND_CROSS_REFERENCE.md,5251,428d98c5ded0a61aeca6012a25a5bf82906ac8de8b3242263567e0173691beb1,markdown,continuity-record,preserved-original,
